original,stem
آت,آت
آخرت,آخرت
آذربایجان,آذربایج
آرامي,آرام
آرلينګټن,آرلینګټن
آرمينيه,آرمینی
آرډر,آرډر
آرید,آرید
آزاده,آزاد
آزمایه,آزمای
آزمایښتي,آزمایښت
آسماني,آسمان
آسمانڅک,آسمانڅک
آسیای,آسیا
آصفه,آصف
آغل,آغل
آلرونډران,آلرونډر
آنا,آنا
آنروا,آنروا
آنس,آنس
آنقدر,آنقدر
آنها,آنها
آنکولوژي,آنکولوژ
آنگه,آنگ
آهنګرو,آهنګر
آية,آیة
آټومي,آټوم
آکاردئون,آکاردئ
آکسايډنټس,آکسایډنټس
آکسیډنټونو,آکسیډنټ
آیاوا,آیاوا
آیتونو,آیت
آیرلنډ,آیرلنډ
آیلټس,آیلټس
آیډي,آیډ
أحمد,أحمد
أساس,أساس
أعادها,أعادها
أعلم,أعلم
أنور,أنور
أهمية,أهمیة
أيَّامٍ,أیَّامٍ
أَکْثَرَ,أَکْثَرَ
أُعِيذُهَا,أُعِیذُهَا
ؤخت,ؤخت
ؤګراؤۀ,ؤګراؤۀ
إبراهيم,إبراهیم
إذَا,إذَا
إسقاط,إسقاط
إلٙا,إلٙا
اؤ,اؤ
ائرلنډ,ائرلنډ
ائین,ائین
االیز,االیز
ابادول,ابادول
ابالوپاراتاید,ابالوپاراتاید
اببوټ,اببوټ
ابتګاراتو,ابتګارات
ابجوشي,ابجوش
ابدالیان,ابدال
ابدرای,ابدرا
ابرارد,ابرارد
ابراهيمي,ابراهیم
ابرهیم,ابرهیم
ابوالعباس,ابوالعباس
ابوالغیط,ابوالغیط
ابوالفرج,ابوالفرج
ابوټ,ابوټ
ابْنِي,ابْنِ
ابګردان,ابګرد
ابیګیان,ابیګ
ابیګیل,ابیګیل
اتاکان,اتاک
اتل,اتل
اتلوتل,اتلوتل
اتلولي,اتلو
اتلولی,اتلو
اتلیټیک,اتلیټیک
اتماګامبیتوف,اتماګامبیتوف
اتپتوتو,اتپتوت
اتیرټن,اتیرټن
اتیوپیا,اتیوپیا
اثباد,اثباد
اجبار,اجبار
اجتماعیت,اجتماعیت
اجتهاداتِ,اجتهاداتِ
اجرئيوي,اجرئیو
اجرائیوي,اجرائیو
اجرات,اجرات
اجرایه,اجرای
اجمان,اجم
اجنټان,اجنټ
اجنډاوو,اجنډا
اجنډاګانو,اجنډا
اجور,اجور
اجْتَمَعَ,اجْتَمَعَ
احتجاح,احتجاح
احتياطي,احتیاط
احساساوه,احساساو
احساسول,احساسول
احساسولی,احساسو
احساسیږي,احساسیږ
احصائی,احصائ
احضاراتو,احضارات
احمدزلمي,احمدزلم
احمدزی,احمدز
احمدضيا,احمدضیا
احنفي,احنف
احيا,احیا
اخاذ,اخاذ
اختتامیه,اختتامی
اختلاف,اختلاف
اخراجونه,اخراج
اخراولاقونو,اخراولاق
اخروي,اخرو
اخروټ,اخروټ
اخستونکي,اخست
اخلی,اخ
اخندازه,اخنداز
اخوندزاده,اخوندزاد
اخيرت,اخیرت
اخيست,اخیست
اخيستونکی,اخیست
اخځونو,اخځ
اخیز,اخیز
اخیستلکیږي,اخیستلکیږ
اداره,ادار
اداګان,ادا
ادبپوهان,ادبپوه
ادت,ادت
ادعاوی,ادعاو
ادعاګان,ادعا
ادعاګاني,ادعاګان
اديب,ادیب
ادګر,ادګر
ادی,اد
اذر,اذر
ارامي,ارام
اراګون,اراګ
ارتزو,ارتز
ارتیریا,ارتیریا
ارجانټاینی,ارجانټاین
ارجنتین,ارجنتین
ارجنټانی,ارجنټان
ارجنټایني,ارجنټاین
اردنه,اردن
اردوګان,اردو
ارزول,ارزول
ارزولو,ارزول
ارزوم,ارزوم
ارزونکو,ارزونک
ارزښتانک,ارزښتانک
ارزښتمندی,ارزښتمند
ارزښتونوټولګ,ارزښتونوټولګ
ارزښتږنه,ارزښتږن
ارزښناکو,ارزښناک
ارزګانی,ارزګان
ارزیاب,ارزیاب
ارسلا,ارسلا
ارلن,ارلن
ارلي,ار
ارلینګنټن,ارلینګنټن
ارلینګټن,ارلینګټن
ارمانونه,ارمان
ارمتیا,ارم
ارمز,ارمز
ارمسټرانګ,ارمسټرانګ
ارمنستاناو,ارمنستانا
ارنایولت,ارنایولت
ارنلډ,ارنلډ
ارواګان,اروا
اروزلي,اروز
اروزګان,اروز
اروزګانی,اروزګان
اروزګانیانو,اروزګان
اروړا,اروړا
اروښاد,اروښاد
ارویندا,ارویندا
ارټ,ارټ
ارټیمس,ارټیمس
ارډو,ارډ
ارکاډی,ارکاډ
ارکیټ,ارکیټ
ارکیټیکچر,ارکیټیکچر
ارګانونو,ارګان
ارګانونوته,ارګانونوت
ارګانیزمونه,ارګانیزم
ارګانیزمونو,ارګانیزم
ارګینای,ارګینا
ارگاسم,ارگاسم
اریانا,اریانا
اریانټوډ,اریانټوډ
اریوو,اری
اریک,اریک
ازادیدو,ازادید
ازتکا,ازتکا
ازمايښت,ازمایښت
ازمايښتونه,ازمایښت
ازمایلو,ازمایل
ازمایلي,ازمای
ازمایليدي,ازمایلید
ازمایښت,ازمایښت
ازموي,ازمو
ازمویئ,ازمویئ
ازمویښت,ازمویښت
ازمیښت,ازمیښت
ازولډ,ازولډ
ازګان,از
استازځایونو,استازځای
استازیتوب,استازی
استانبولي,استانبو
استانتیا,استان
استانه,است
استاځی,استاځ
استثنايي,استثنای
استحکام,استحکام
استخبارتي,استخبارت
استسقا,استسقا
استعال,استعال
استعفاو,استعفا
استعفاګان,استعفا
استعمال,استعمال
استفادو,استفاد
استفانی,استفان
استن,استن
استوئ,استوئ
استوایی,استوای
استولی,استو
استوپریت,استوپریت
استوګنو,استوګن
استوګنځایونه,استوګنځای
استوګنځایونو,استوګنځای
استوګنځي,استوګنځ
استوګنځی,استوګنځ
استوګنځیو,استوګنځی
استوګنیزی,استوګنیز
اسدالزمان,اسدالزم
اسدیار,اسدیار
اسراييلي,اسرایی
اسراییلاو,اسراییلا
اسسټنټونه,اسسټنټ
اسقربوط,اسقربوط
اسلام,اسلام
اسلامي,اسلام
اسلاميت,اسلامیت
اسم,اسم
اسماعيلي,اسماعی
اسمهان,اسمه
اسوت,اسوت
اسوشیتټ,اسوشیتټ
اسوشیتډپرس,اسوشیتډپرس
اسوشیټډ,اسوشیټډ
اسوشیټډپرس,اسوشیټډپرس
اسوشیټیټډ,اسوشیټیټډ
اسوشیټیډپر,اسوشیټیډپر
اسوشییتید,اسوشییتید
اسوشییټ,اسوشییټ
اسيډ,اسیډ
اسټاګرام,اسټاګرام
اسټراليايان,اسټرالیا
اسټراليايی,اسټرالیای
اسټرالیا,اسټرالیا
اسټرالیايي,اسټرالیای
اسټرالیايی,اسټرالیای
اسټرالیای,اسټرالیا
اسټرالیایان,اسټرالیا
اسټرو,اسټر
اسټرییډونه,اسټرییډ
اسټون,اسټ
اسټینو,اسټین
اسټینګویټ,اسټینګویټ
اسپارتم,اسپارتم
اسپانی,اسپان
اسپانیه,اسپانی
اسپنیز,اسپنیز
اسپین,اسپین
اسکوډا,اسکوډا
اسکیستا,اسکیستا
اسیام,اسیام
اسیرانو,اسیر
اسیه,اسی
اسیپ,اسیپ
اشت,اشت
اشتبا,اشتبا
اشتهادي,اشتهاد
اشرباڼي,اشرباڼ
اشغالونه,اشغال
اشغالګر,اشغالګر
اشغالګران,اشغالګر
اشنګټن,اشنګټن
اشپز,اشپز
اشپزي,اشپز
اشیبا,اشیبا
اشیش,اشیش
اصطلاحګان,اصطلاح
اصف,اصف
اصفري,اصفر
اصلونه,اصل
اصلیت,اصلیت
اطالبي,اطالب
اطلاح,اطلاح
اطلاعلتي,اطلاعلت
اطلاق,اطلاق
اعان,اع
اعتراف,اعتراف
اعتکاف,اعتکاف
اعدامیږي,اعدامیږ
اعطی,اعط
اعلانوونکی,اعلانو
اعمالو,اعمال
اعیاروي,اعیارو
اغل,اغل
اغلو,اغل
اغوستلی,اغوست
اغوستوکي,اغوستوک
اغيزمنوي,اغیزمنو
اغیزمنولا,اغیزمنولا
اغیزي,اغیز
افاتو,افات
افتتاح,افتتاح
افتتاحیه,افتتاحی
افتونبلاډټ,افتونبلاډټ
افسوتر,افسوتر
افسون,افس
افغاستان,افغاست
افغانان,افغان
افغانانان,افغانان
افغانانوملاتړ,افغانانوملاتړ
افغاننستان,افغاننست
افغغانستان,افغغانست
افیخای,افیخا
افیلیټس,افیلیټس
اقامي,اقام
اقتصادوي,اقتصادو
اقتصاديات,اقتصادیات
اقتصادپوهه,اقتصادپوه
اقرم,اقرم
اقص,اقص
اقلیتي,اقلیت
الأقصى,الأقصى
الأَمْرِ,الأَمْرِ
الإفراج,الإفراج
الارم,الارم
الاریوبي,الاریوب
الاقطان,الاقط
الامارات,الامارات
الاماره,الامار
الامراء,الامراء
الامريکان,الامریک
الانبيا,الانبیا
الاهل,الاهل
الاوسط,الاوسط
الاپیني,الاپین
الاید,الاید
الاینس,الاینس
البدايه,البدای
البدر,البدر
البرټو,البرټ
البوکرک,البوکرک
البَقَرَة,البَقَرَة
البیت,البیت
البیوک,البیوک
التحصیل,التحصیل
التربیة,التربیة
التعاون,التعا
التهابی,التهاب
التوبه,التوب
الجزايري,الجزایر
الجنابي,الجناب
الجنوب,الجنوب
الحال,الحال
الحداد,الحداد
الحلابي,الحلاب
الحلفایا,الحلفایا
الحنفی,الحنف
الحوردي,الحورد
الخط,الخط
الخطاء,الخطاء
الخير,الخیر
الخیری,الخیر
الداخَل,الداخَل
الدحدوح,الدحدوح
الدعوه,الدعو
الذهبي,الذهب
الراونډر,الراونډر
الراونډران,الراونډر
الراونډرانو,الراونډر
الراونډرعرفان,الراونډرعرف
الرحیم,الرحیم
الرشيد,الرشید
الرژي,الرژ
الرییس,الرییس
الزوبعي,الزوبع
السبعین,السبعین
الستة,الستة
السنت,السنت
السَّعِيرِ,السَّعِیرِ
السکاندر,السکاندر
السیلیا,السیلیا
الشهدا,الشهدا
الصفا,الصفا
الطاف,الطاف
الظَّالِمِينَ,الظَّالِمِینَ
العادي,العاد
العارف,العارف
العبید,العبید
العدید,العدید
العراقي,العراق
العزیزیه,العزیزی
العظمی,العظم
العنان,العن
الـ,الـ
الفابیټ,الفابیټ
الفریډ,الفریډ
الفنسټون,الفنسټ
القاصي,القاص
القاني,القان
القیم,القیم
الماتي,المات
المبحوح,المبحوح
المبیک,المبیک
المجاز,المجاز
المجمدة,المجمدة
المجیده,المجید
المحدث,المحدث
المحمد,المحمد
المصری,المصر
المعتمرون,المعتمر
المكي,المک
المندهاري,المندهار
النبأ,النبأ
النهیان,النه
النَّبِیُّ,النَّبِیُّ
الهامبښونکی,الهامبښ
الهنان,الهن
الهندونستان,الهندونست
الهیان,اله
الوبخارا,الوبخارا
الونای,الونا
الوټ,الوټ
الوځول,الوځول
الوځولو,الوځول
الوځولی,الوځو
الوځوي,الوځو
الوګان,الو
الْأٙرْضِ,الْأٙرْضِ
الْجَاهِلِيَّةِ,الْجَاهِلِیَّةِ
الْحُکْمٙ,الْحُکْمٙ
الْعَالَمِينَ,الْعَالَمِینَ
الْمُؤْمِنِیْنَ,الْمُؤْمِنِیْنَ
الْمُدَّعِي,الْمُدَّعِ
الْمُطْلَقُ,الْمُطْلَقُ
الْوَارِثُونَ,الْوَارِثُونَ
الټون,الټ
الکبیر,الکبیر
الکتروانسفالوګراف,الکتروانسفالوګراف
الکترونيکي,الکترونیک
الکترونیکي,الکترونیک
الکس,الکس
الکسانډر,الکسانډر
الکټرون,الکټر
الکټروډونو,الکټروډ
الګاډ,الګاډ
الګنډ,الګنډ
الګوریتمونه,الګوریتم
الګیردا,الګیردا
الیانزا,الیانزا
الیسون,الیس
الیسین,الیسین
الینګار,الینګار
الیهیی,الیهی
الیکسیویچ,الیکسیویچ
الیکټرو,الیکټر
الیګزانډر,الیګزانډر
اما,اما
اماتو,امات
امارو,امار
امبریش,امبریش
امبولاسونه,امبولاس
امبولانس,امبولانس
امتياز,امتیاز
امتيازه,امتیاز
امراء,امراء
امراضو,امراض
امرالدین,امرالدین
امربالمعرف,امربالمعرف
امروز,امروز
امريت,امریت
امريکا,امریکا
امرکړی,امرکړ
امرکیا,امرکیا
امریکین,امریکین
امسټرډام,امسټرډام
امسټرډامه,امسټرډام
املوکو,املوک
امنادزه,امنادز
امنيه,امنی
امنیي,امنی
اموراتو,امورات
امون,ام
امونه,ام
امونهنګان,امونهن
اميرالمونين,امیرالمونین
امپا,امپا
امپراطور,امپراطور
امپلانټ,امپلانټ
امیدونه,امید
امیرحمزه,امیرحمز
امیرزاده,امیرزاد
امیندوارو,امیندوار
امیني,امین
امیونوګلوبیولنز,امیونوګلوبیولنز
اناتولی,اناتو
اناتومي,اناتوم
اناري,انار
انارگل,انارگل
انبیاو,انبیا
انتانګرال,انتانګرال
انتخابیږي,انتخابیږ
انترنیټ,انترنیټ
انتظار,انتظار
انتقادکوونکو,انتقادکوونک
انتقالولی,انتقالو
انتقالونک,انتقالونک
انتقالیږي,انتقالیږ
انتياکسیدانټونه,انتیاکسیدانټ
انتياکسیدانټونو,انتیاکسیدانټ
انتیي,انتی
انتیکو,انتیک
انجونو,انج
انجوګانو,انجو
انجیلځای,انجیلځا
انجینئر,انجینئر
اندریو,اندری
انديزي,اندیز
انديښن,اندیښن
اندړو,اندړ
اندیانا,اندیانا
اندیشه,اندیش
اندیښمنو,اندیښمن
اندیښنی,اندیښن
انرچمنټ,انرچمنټ
انسادو,انساد
انستیتیوتونو,انستیتیوت
انستیتیونو,انستیتی
انسجانو,انسج
انسټالولو,انسټالول
انسټاګرام,انسټاګرام
انسټاګرامي,انسټاګرام
انسټټيوټ,انسټټیوټ
انسټګرام,انسټګرام
انسټیټیوت,انسټیټیوت
انسټیټیټونو,انسټیټیټ
انضباط,انضباط
انضمام,انضمام
انعقاد,انعقاد
انفاذ,انفاذ
انفلایټ,انفلایټ
انلاین,انلاین
انلګستان,انلګست
انمايتذکر,انمایتذکر
انهایډروباکټیر,انهایډروباکټیر
انویدا,انویدا
انْفِرُوا,انْفِرُوا
انټاروګيشن,انټاروګیشن
انټرست,انټرست
انټرمدیټ,انټرمدیټ
انټرمیډ,انټرمیډ
انټرمیډیټ,انټرمیډیټ
انټرنت,انټرنت
انټرنټ,انټرنټ
انټرنیتي,انټرنیت
انټرنیټي,انټرنیټ
انټرنیټی,انټرنیټ
انټروپولوژ,انټروپولوژ
انټرکانټنینټل,انټرکانټنینټل
انټزنیشنل,انټزنیشنل
انټل,انټل
انټوني,انټون
انټي,انټ
انټيباډ,انټیباډ
انټيموني,انټیمون
انټيګلنډ,انټیګلنډ
انټی,انټ
انټیل,انټیل
انټیګا,انټیګا
انځرګي,انځر
انځورول,انځورول
انځورونود,انځورونود
انځوروی,انځورو
انځوريږي,انځوریږ
انځورګرانو,انځورګر
انځورګره,انځورګر
انځورګریو,انځورګری
انځورګړ,انځورګړ
انځوریزه,انځوریز
انځوورنو,انځوورن
انځوورونو,انځوور
انځوولی,انځوو
انچه,انچ
انډرايډ,انډرایډ
انډراګاندي,انډراګاند
انډرسټريز,انډرسټریز
انډرو,انډر
انډریو,انډری
انډسټري,انډسټر
انډسټريز,انډسټریز
انډور,انډور
انډول,انډول
انډولتیا,انډول
انډونيزیا,انډونیزیا
انډونیزیا,انډونیزیا
انډیاګیټ,انډیاګیټ
انډین,انډین
انډیوالان,انډیوال
انډیپ,انډیپ
انډیپنډنټ,انډیپنډنټ
انکلستان,انکلست
انکیوبیټر,انکیوبیټر
انګاک,انګاک
انګريز,انګریز
انګرید,انګرید
انګریزان,انګریز
انګریزيپوهنتونونو,انګریزیپوهنتون
انګزه,انګز
انګزیه,انګزی
انګستان,انګست
انګلستان,انګلست
انګلسټان,انګلسټ
انګلندډ,انګلندډ
انګلنډاو,انګلنډا
انګلنډه,انګلنډ
انګلنډي,انګلنډ
انګليس,انګلیس
انګليستان,انګلیست
انګلينډ,انګلینډ
انګلڼډ,انګلڼډ
انګلی,انګ
انګلیا,انګلیا
انګلیسان,انګلیس
انګلیستانی,انګلیستان
انګلیسی,انګلیس
انګلینډ,انګلینډ
انګنلډ,انګنلډ
انګوش,انګوش
انګولا,انګولا
انګړ,انګړ
انګړه,انګړ
انګړونو,انګړ
انګیرن,انګیرن
انګیلا,انګیلا
انیستیوت,انیستیوت
انینګز,انینګز
اهتزازونه,اهتزاز
اهنګران,اهنګر
اهنګرانو,اهنګر
اواد,اواد
اوارټیف,اوارټیف
اواسیا,اواسیا
اوالله,اوالل
اوالیسټ,اوالیسټ
اوانګلنډ,اوانګلنډ
اوایلو,اوایل
اوبتل,اوبتل
اوبراډور,اوبراډور
اوبرنګه,اوبرنګ
اوبنل,اوبنل
اوتعيلمي,اوتعیلم
اوتنباي,اوتنبا
اوتنبایووا,اوتنبایووا
اوحبوبات,اوحبوبات
اودغو,اودغ
اوديسا,اودیسا
اودیسي,اودیس
اورانوس,اورانوس
اورانګواټان,اورانګواټ
اورانګوتان,اورانګوت
اورانګوټانیانو,اورانګوټان
اوربان,اورب
اوربیټ,اوربیټ
اورتیګاس,اورتیګاس
اورزګان,اورز
اورفورګلیپرون,اورفورګلیپر
اورلګون,اورلګ
اورلګیدلو,اورلګیدل
اورمیږ,اورمیږ
اورنګزيب,اورنګزیب
اورنګوتان,اورنګوت
اورنګوټان,اورنګوټ
اورهيلي,اورهی
اورو,اور
اورومو,اوروم
اوروکي,اوروک
اوري,اور
اورټیګا,اورټیګا
اورپا,اورپا
اورپکوو,اورپک
اورپکي,اورپک
اورکیز,اورکیز
اورګادی,اورګاد
اورګان,اور
اورګاډ,اورګاډ
اورګاډو,اورګاډ
اورګاډي,اورګاډ
اورګاډی,اورګاډ
اورګوای,اورګوا
اورګون,اورګ
اورگاډی,اورگاډ
اوریا,اوریا
اوریزجام,اوریزجام
اوریزه,اوریز
اوریلي,اوری
اوریلیا,اوریلیا
اوریون,اوری
اوزار,اوزار
اوزنګزيب,اوزنګزیب
اوزګور,اوزګور
اوزیږون,اوزیږ
اوستوګنو,اوستوګن
اوسما,اوسما
اوسماکوف,اوسماکوف
اوسمهالي,اوسمها
اوسهشپږ,اوسهشپږ
اوسيږی,اوسیږ
اوسټروجن,اوسټروجن
اوسټیګارډ,اوسټیګارډ
اوسپن,اوسپن
اوسړی,اوسړ
اوسیدان,اوسید
اوسیدانه,اوسید
اوسیدلولپاره,اوسیدلولپار
اوسیدلي,اوسید
اوشا,اوشا
اوشین,اوشین
اوغوښتن,اوغوښتن
اوفرلاهاو,اوفرلاها
اولسي,اولس
اولمپيک,اولمپیک
اولمپک,اولمپک
اولچي,اولچ
اولډ,اولډ
اومان,اوم
اومتحده,اومتحد
اومني,اومن
اونجونو,اونج
اوهالنډ,اوهالنډ
اوهمدارنګه,اوهمدارنګ
اوورته,اوورت
اووریک,اووریک
اووړی,اووړ
اووښت,اووښت
اوټ,اوټ
اوټاګو,اوټاګ
اوپننګ,اوپننګ
اوپنهایمر,اوپنهایمر
اوپنډ,اوپنډ
اوپي,اوپ
اوپکول,اوپکول
اوځان,اوځ
اوځوانان,اوځوان
اوچتوونکو,اوچتوونک
اوډونیل,اوډونیل
اوډيشيکا,اوډیشیکا
اوډیسي,اوډیس
اوړه,اوړ
اوړو,اوړ
اوړي,اوړ
اوړيدلی,اوړید
اوړک,اوړک
اوړی,اوړ
اوړیدلی,اوړید
اوږدمهالي,اوږدمها
اوږدمهالی,اوږدمها
اوږدو,اوږد
اوږدوالی,اوږد
اوږدولی,اوږدو
اوږدوو,اوږد
اوږدوياو,اوږدویا
اوږدړ,اوږدړ
اوږدی,اوږد
اوږدیدلی,اوږدید
اوږن,اوږن
اوږه,اوږ
اوږودوالی,اوږود
اوښان,اوښ
اوښبه,اوښب
اوښت,اوښت
اوښتلی,اوښت
اوښتون,اوښت
اوښتي,اوښت
اوښتی,اوښت
اوښځو,اوښځ
اوښځينه,اوښځین
اوښکو,اوښک
اوښکیلتیا,اوښکیل
اوښڪ,اوښڪ
اوښی,او
اوکاونټ,اوکاونټ
اوکتاګون,اوکتاګ
اوکرای,اوکرا
اوکسایډ,اوکسایډ
اوکسیډنټ,اوکسیډنټ
اوکلوهوما,اوکلوهوما
اوکړی,اوکړ
اوګاډي,اوګاډ
اوګتای,اوګتا
اوګراډي,اوګراډ
اوګور,اوګور
اوګړند,اوګړند
اویانکا,اویانکا
اویزو,اویز
اویناش,اویناش
اویوال,اویوال
ايجاديږي,ایجادیږ
ايجنټان,ایجنټ
ايرلنډيان,ایرلنډ
ايسار,ایسار
ايسنا,ایسنا
ايفبيای,ایفبیا
ايمان,ایم
ايمل,ایمل
ايمن,ایمن
اينډيز,اینډیز
ايوټ,ایوټ
ايير,اییر
ايين,ایین
ايډ,ایډ
ايډز,ایډز
ايډيالوژیکو,ایډیالوژیک
ايښ,ایښ
ايښودونکی,ای
ايښی,ای
ايکس,ایکس
ايکټ,ایکټ
اُتوګان,اُتو
اُرګون,اُرګ
اُمّا,اُمّا
اُوښه,اُوښ
اِي,اِ
أَمْ,أَمْ
أَنْ,أَنْ
اټل,اټل
اټلانټینک,اټلانټینک
اټلټ,اټلټ
اټو,اټ
اټوم,اټوم
اټوماتیکه,اټوماتیک
اټکل,اټکل
اټکلو,اټکل
اټکلولی,اټکلو
اټکلوي,اټکلو
اټینډ,اټینډ
اپ,اپ
اپارتایت,اپارتایت
اپارتمانونه,اپارتمان
اپارتیاید,اپارتیاید
اپارټایډ,اپارټایډ
اپارټایید,اپارټایید
اپارټمان,اپارټم
اپرا,اپرا
اپستین,اپستین
اپل,اپل
اپلاتون,اپلات
اپلکیشن,اپلکیشن
اپوزيسیون,اپوزیسی
اپوزیسون,اپوزیس
اپوزیسیون,اپوزیسی
اپيل,اپیل
اپډيټ,اپډیټ
اپډیمولوژیکي,اپډیمولوژیک
اپډیټونه,اپډیټ
اڅګزي,اڅګز
اچوونه,اچو
اچوونکي,اچو
اډامز,اډامز
اډاپټو,اډاپټ
اډریان,اډر
اډسون,اډس
اډلو,اډل
اډمز,اډمز
اډمونډ,اډمونډ
اډوان,اډو
اډونای,اډونا
اډيګوزيل,اډیګوزیل
اډګار,اډګار
اډینبورګ,اډینبورګ
اډیټر,اډیټر
اډیګ,اډیګ
اړایستلی,اړایست
اړتیا,اړ
اړتیالری,اړتیالر
اړتیاوی,اړتیاو
اړتیاټینګار,اړتیاټینګار
اړخونو,اړخ
اړخيز,اړخیز
اړخيزتوب,اړخیز
اړخيزي,اړخیز
اړخی,اړخ
اړخیزتوب,اړخیز
اړخیزه,اړخیز
اړها,اړها
اړوب,اړوب
اړولای,اړولا
اړوله,اړول
اړولو,اړول
اړولی,اړو
اړوندیږي,اړوندیږ
اړونکي,اړ
اړونکی,اړ
اړوونکی,اړو
اړيستل,اړیستل
اړيکي,اړیک
اړیکنی,اړیکن
اړیکهمو,اړیکهم
اړیکی,اړیک
اږدمهال,اږدمهال
اژنس,اژنس
اکاونټونه,اکاونټ
اکتر,اکتر
اکتوب,اک
اکتون,اکت
اکثرله,اکثرل
اکس,اکس
اکسفور,اکسفور
اکسيډيس,اکسیډیس
اکسیدانتونه,اکسیدانت
اکسیدانټي,اکسیدانټ
اکسیدنټونو,اکسیدنټ
اکسیډانټ,اکسیډانټ
اکسیډنټ,اکسیډنټ
اکسیډنټونو,اکسیډنټ
اکسیډنټوونو,اکسیډنټو
اکسیډیټیف,اکسیډیټیف
اکلنډ,اکلنډ
اکمل,اکمل
اکوا,اکوا
اکولوژیکي,اکولوژیک
اکوړي,اکوړ
اکټ,اکټ
اکټون,اکټ
اکټيد,اکټید
اکټيډ,اکټیډ
اکټید,اکټید
اګادیز,اګادیز
اګریمان,اګریم
اګزیټ,اګزیټ
اګسته,اګست
اګسټ,اګسټ
اګلنډ,اګلنډ
اګلینډ,اګلینډ
اګوسټا,اګوسټا
اګټه,اګټ
اڼتريټ,اڼتریټ
ایارن,ایارن
ایالتونونو,ایالتون
ایان,ای
ایبټ,ایبټ
ایتان,ایت
ایجانا,ایجانا
ایجنټان,ایجنټ
ایجنټانو,ایجنټ
ایجي,ایج
ایراینډیا,ایراینډیا
ایرلنډه,ایرلنډ
ایرلنډي,ایرلنډ
ایرلینګ,ایرلینګ
ایرنسټ,ایرنسټ
ایرکنډ,ایرکنډ
ایزویسټیا,ایزویسټیا
ایسارولو,ایسارول
ایسټر,ایسټر
ایسټراډا,ایسټراډا
ایسپن,ایسپن
ایف,ایف
ایفل,ایفل
ایلخاني,ایلخان
ایلنور,ایلنور
ایلویډن,ایلویډن
ایلیمینټر,ایلیمینټر
ایمبولانسونو,ایمبولانس
ایمرلینګ,ایمرلینګ
ایميلي,ایمی
ایمپریال,ایمپریال
ایمګ,ایمګ
ایمیر,ایمیر
ایمیل,ایمیل
اینجرلیک,اینجرلیک
اینرجي,اینرج
اینسټاګرام,اینسټاګرام
اینسټاین,اینسټاین
اینټي,اینټ
اینډیپنډنټ,اینډیپنډنټ
اینډیپینډنټ,اینډیپینډنټ
اینګبرګ,اینګبرګ
اینګلینډ,اینګلینډ
اینګیډي,اینګیډ
ایور,ایور
ایورسټ,ایورسټ
ایولین,ایولین
ایونټونو,ایونټ
ایوټ,ایوټ
ایي,ای
ایټالوي,ایټالو
ایټالویان,ایټالو
ایټالی,ایټا
ایټالیانو,ایټال
ایټالیایي,ایټالیای
ایټالیوی,ایټالیو
ایټاوګوا,ایټاوګوا
ایټنبرو,ایټنبر
ایټوبیروسم,ایټوبیروسم
ایپسوس,ایپسوس
ایچیسن,ایچیسن
ایډ,ایډ
ایډاهو,ایډاه
ایډم,ایډم
ایډوانټیسټ,ایډوانټیسټ
ایډيت,ایډیت
ایډیالان,ایډیال
ایډیالونو,ایډیال
ایډیالوژيک,ایډیالوژیک
ایډیالوګ,ایډیالوګ
ایډیټ,ایډیټ
ایښتی,ایښت
ایښودنکی,ایښودنک
ایښودونک,ایښودونک
ایښودونکی,ای
ایکانوميسټ,ایکانومیسټ
ایکولوژیکي,ایکولوژیک
ایکټیوسفیر,ایکټیوسفیر
ایګر,ایګر
ایګرټ,ایګرټ
ایګزي,ایګز
ایګل,ایګل
ایګلنډ,ایګلنډ
ایګیارن,ایګیارن
ایګیلنډ,ایګیلنډ
ایڼيګریټي,ایڼیګریټ
اییز,اییز
اییزو,اییز
باالمثل,باالمثل
باب,باب
بابونو,باب
بابيزه,بابیز
بات,بات
باتقوا,باتقوا
باجپایي,باجپای
بادغیسي,بادغیس
بادن,بادن
باده,باد
بادیواني,بادیوان
بارانشيم,بارانشیم
باراني,باران
باربیکن,باربیکن
بارزاني,بارزان
بارفوټ,بارفوټ
بارنسلي,بارنس
باره,بار
باروډا,باروډا
باروړونکی,باروړ
بارچلولو,بارچلول
بارډر,بارډر
بارکزی,بارکز
بارکليله,بارکلیل
بازان,باز
بازوګان,بازو
باسټون,باسټ
باسکرویل,باسکرویل
باسکوویک,باسکوویک
باسینټ,باسینټ
بالمعرف,بالمعرف
بالمقابل,بالمقابل
بالنصرة,بالنصرة
بالنیات,بالنیات
بالوګون,بالوګ
بالښت,بالښت
بالینګ,بالینګ
بالیووډ,بالیووډ
بالیووډه,بالیووډ
بالیووډي,بالیووډ
باميانو,بام
بانفوذ,بانفوذ
بانوان,بانو
بانکنوټ,بانکنوټ
بانکوک,بانکوک
باهاماز,باهاماز
باولینګ,باولینګ
باووما,باووما
باوی,باو
بايومټريک,بایومټریک
باټيه,باټی
باډسپلینه,باډسپلین
باډن,باډن
باښه,باښ
باڼس,باڼس
بایرز,بایرز
بایزیده,بایزید
بایه,بای
بایومیټریک,بایومیټریک
بایونټک,بایونټک
بایوډیګریډ,بایوډیګریډ
بایټډانس,بایټډانس
بایکونور,بایکونور
ببرسټر,ببرسټر
بتد,بتد
بجرنګ,بجرنګ
بجي,بج
بحرانونه,بحران
بحرانونو,بحران
بحښل,بحښل
بختي,بخت
بخششیو,بخششی
بخښلو,بخښل
بخښلی,بخښ
بخښن,بخښن
بخښونکو,بخښونک
بدانند,بدانند
بدبیني,بدبین
بدتر,بدتر
بدترینو,بدترین
بدخشانیانو,بدخشان
بدرنګ,بدرنګ
بدرنګیو,بدرنګی
بدعت,بدعت
بدلمنو,بدلمن
بدلولو,بدلول
بدليږي,بدلیږ
بدوالي,بد
بدګمان,بدګم
بدګمانه,بدګم
بدګومان,بدګوم
بدګومانه,بدګوم
برائن,برائن
برابرونکی,برابر
برابرکړي,برابرکړ
برادری,برادر
برازیلي,برازی
برانډون,برانډ
برانډونو,برانډ
براورمن,براورمن
براول,براول
براوډکاونټي,براوډکاونټ
برايډون,برایډ
براډشا,براډشا
براډفړرډ,براډفړرډ
براډلي,براډ
براکو,براک
براڼد,براڼد
برایند,برایند
برایټون,برایټ
برباد,برباد
بربريتونو,بربریت
بربنډتوب,بربنډ
بربنډوم,بربنډوم
بربنډون,بربنډ
بربواک,بربواک
بربڼډو,بربڼډ
برتولټ,برتولټ
برتون,برت
برتګال,برتګال
برجسته,برجست
بردمیر,بردمیر
برسي,برس
برلاس,برلاس
برنزو,برنز
برنډونه,برنډ
برونټ,برونټ
برونکډیلیټر,برونکډیلیټر
بروکفیلد,بروکفیلد
بروکلي,بروک
برياليتوب,بریالی
بريښنا,بریښنا
بريګ,بریګ
برټران,برټر
برټرینډ,برټرینډ
برښناعمرخیل,برښناعمرخیل
برښنای,برښنا
برګزیده,برګزید
برګم,برګم
برګمټال,برګمټال
برگردد,برگردد
برگزار,برگزار
برید,برید
بریدگر,بریدگر
بریسټول,بریسټول
برینټ,برینټ
برینډون,برینډ
برینګتون,برینګت
بریټانوی,بریټانو
بریټانی,بریټان
بریټانیادفاع,بریټانیادفاع
بریژیټ,بریژیټ
بریښناوو,بریښنا
بریښنايي,بریښنای
بریښنایی,بریښنای
بریښونکی,بریښ
بریښي,بری
بریښڼا,بریښڼا
بریښی,بری
بریګیډ,بریګیډ
بزارا,بزارا
بزدار,بزدار
بزر,بزر
بزرګوارانو,بزرګوار
بزنند,بزنند
بزګرلعل,بزګرلعل
بزګری,بزګر
بسار,بسار
بسترو,بستر
بستن,بستن
بسنټيز,بسنټیز
بسونه,بس
بشرالاسد,بشرالاسد
بشري,بشر
بشری,بشر
بشنویانو,بشنو
بشيرالله,بشیرالل
بشپړاو,بشپړا
بشپړتیا,بشپړ
بشپړغړیتوب,بشپړغړی
بشپړملاتړ,بشپړملاتړ
بشپړولای,بشپړولا
بشپړونکی,بشپړ
بشپړوونکی,بشپړو
بشپړيږي,بشپړیږ
بشپړټیا,بشپړټیا
بشپړپر,بشپړپر
بشپړډول,بشپړډول
بشړ,بشړ
بشیره,بشیر
بطني,بطن
بظلم,بظلم
بفي,بف
بلا,بلا
بلاخره,بلاخر
بلانش,بلانش
بلانکا,بلانکا
بلاکونه,بلاک
بلبورډونو,بلبورډ
بلخ,بلخ
بلدول,بلدول
بلشمنټ,بلشمنټ
بلن,بلن
بلواګان,بلوا
بلواګري,بلواګر
بلور,بلور
بلومنټل,بلومنټل
بلونډول,بلونډول
بلوټنګ,بلوټنګ
بلوټنګر,بلوټنګر
بلډ,بلډ
بلډنګ,بلډنګ
بلډنګونو,بلډنګ
بلډینګونو,بلډینګ
بلینډ,بلینډ
بلیچو,بلیچ
بمبار,بمبار
بمباردول,بمباردول
بمبارونو,بمبار
بنحاس,بنحاس
بندارا,بندارا
بندولی,بندو
بندښت,بندښت
بندګان,بند
بندګله,بندګل
بندیانول,بندیانول
بندیانوي,بندیانو
بندیانیږي,بندیانیږ
بندیخان,بندیخ
بندیزنو,بندیزن
بندیږي,بندیږ
بنزیما,بنزیما
بنزینه,بنزین
بنسل,بنسل
بنسټونه,بنسټ
بنسټپالانو,بنسټپال
بنسټګر,بنسټګر
بنسټګرانو,بنسټګر
بنسټګره,بنسټګر
بنسټګرو,بنسټګر
بنسټیزسیستمونه,بنسټیزسیستم
بنلګه,بنلګ
بنلګورو,بنلګور
بني,بن
بنټین,بنټین
بنډارونو,بنډار
بنډسټنډ,بنډسټنډ
بنډل,بنډل
بنډيبوګیو,بنډیبوګی
بنګا,بنګا
بنګاری,بنګار
بنګال,بنګال
بنګالیان,بنګال
بنګر,بنګر
بنګفیر,بنګفیر
بنګلد,بنګلد
بنګلدیشي,بنګلدیش
بنګلورز,بنګلورز
بنګه,بنګ
بنګویر,بنګویر
بنګښ,بنګښ
بنګکاک,بنګکاک
بنګیان,بنګ
بنیامن,بنیامن
بهارتپور,بهارتپور
بهاییانو,بهای
بهرنیږ,بهرنیږ
بهرګرځوي,بهرګرځو
بهوونکي,بهو
بهوګلي,بهوګ
بهيره,بهیر
بهټي,بهټ
بهپینډر,بهپینډر
بهکنګم,بهکنګم
بهګوان,بهګو
بهیدو,بهید
بهیرپریکړه,بهیرپریکړ
بوالمان,بوالم
بوبي,بوب
بوتهام,بوتهام
بوجيو,بوجی
بوخته,بوخت
بوداتوکي,بوداتوک
بوداګانو,بودا
بودایان,بودا
بورجانا,بورجانا
بورسوي,بورسو
بوروندي,بوروند
بورونډي,بورونډ
بورډاعلان,بورډاعل
بورډلون,بورډل
بورډونه,بورډ
بورډینګ,بورډینګ
بورګس,بورګس
بوریو,بوری
بوسکن,بوسکن
بولدکه,بولدک
بولنت,بولنت
بولوو,بول
بولټس,بولټس
بولډاوټ,بولډاوټ
بولیراک,بولیراک
بون,بون
بوندستاګ,بوندستاګ
بونډای,بونډا
بونډیبوګیو,بونډیبوګی
بوټ,بوټ
بوټان,بوټ
بوټسوانا,بوټسوانا
بوټنر,بوټنر
بوټی,بوټ
بوډاتوب,بوډا
بوډانسکي,بوډانسک
بوډاګان,بوډا
بوډاګانو,بوډا
بوډونګو,بوډونګ
بوږنولی,بوږنو
بوږنوونکی,بوږنو
بوږنووکی,بوږنووک
بوږنکوونکی,بوږن
بوږونکي,بوږ
بوکسر,بوکسر
بوکسینګ,بوکسینګ
بوګ,بوګ
بوګټي,بوګټ
بویناک,بویناک
بوینو,بوین
بوینګ,بوینګ
بي,بي
بياجوړون,بیاجوړ
بياني,بیان
بياځلي,بیاځ
بيدګ,بیدګ
بيراغ,بیراغ
بيسد,بیسد
بيسوني,بیسون
بيشوڼ,بیشوڼ
بيلانس,بیلانس
بيټا,بیټا
بيټنګ,بیټنګ
بيټينګ,بیټینګ
بيټینګ,بیټینګ
بيړه,بیړ
بيړیو,بیړی
بيګياړ,بیګیاړ
بيګياړي,بیګیاړ
بُن,بُن
بِاللّهِ,بِاللّهِ
بِبَقَائِهِ,بِبَقَائِهِ
بِرَأْسِهِ,بِرَأْسِهِ
بِقَوْمٍ,بِقَوْمٍ
بِمَا,بِمَا
بټرا,بټرا
بټریو,بټری
بټنډه,بټنډ
بټکواین,بټکواین
بټیوو,بټی
بچن,بچن
بډای,بډا
بډایتوب,بډای
بډایښت,بډایښت
بډایڼ,بډایڼ
بډمنټن,بډمنټن
بډمنټون,بډمنټ
بډمینټن,بډمینټن
بډګام,بډګام
بړ,بړ
بړاس,بړاس
بړچوهل,بړچوهل
بښلی,بښ
بکتریاوو,بکتریا
بکتین,بکتین
بکینګ,بکینګ
بګ,بګ
بګراونډ,بګراونډ
بګروانډ,بګروانډ
بګلیون,بګلی
بګنونک,بګنونک
بګهوان,بګهو
بګټي,بګټ
بګړ,بګړ
بګیاړي,بګیاړ
بگرام,بگرام
بڼ,بڼ
بڼسټ,بڼسټ
بڼسټونه,بڼسټ
بڼسټونو,بڼسټ
بڼسټګر,بڼسټګر
بڼوالان,بڼوال
بڼونو,بڼ
بۀ,بۀ
بیابان,بیاب
بیانو,بی
بیاهم,بیاهم
بیاواکمن,بیاواکمن
بیاټینګارکوي,بیاټینګارکو
بیاټینګښت,بیاټینګښت
بیر,بیر
بیرونګي,بیرون
بیروګان,بیرو
بیرکت,بیرکت
بیرګ,بیرګ
بیزوګان,بیزو
بیغام,بیغام
بیلابیلو,بیلابیل
بیلباو,بیلبا
بیلگ,بیلگ
بیلیتسکایا,بیلیتسکایا
بیماران,بیمار
بیمارانو,بیمار
بینتهم,بینتهم
بینجاسر,بینجاسر
بینظمي,بینظم
بینظیر,بینظیر
بینټي,بینټ
بینډ,بینډ
بینډیټو,بینډیټ
بیو,بی
بیوتیکونو,بیوتیک
بیوروکراټان,بیوروکراټ
بیومز,بیومز
بیونس,بیونس
بیونټک,بیونټک
بیوګراف,بیوګراف
بیي,بی
بیټنګ,بیټنګ
بیټینګ,بیټینګ
بیډمینټن,بیډمینټن
بیړنیوالی,بیړنی
بیړه,بیړ
بیړیو,بیړی
بیړیوو,بیړی
بیکیت,بیکیت
بیګار,بیګار
بیګان,بی
بیګوسارای,بیګوسارا
تائیده,تائید
تاب,تاب
تاباسا,تاباسا
تابلیټونو,تابلیټ
تابنده,تابند
تابوګان,تابو
تابوګانو,تابو
تابیلټونه,تابیلټ
تابیلیټونو,تابیلیټ
تاثیر,تاثیر
تاج,تاج
تاجران,تاجر
تاجيکستان,تاجیکست
تاجکه,تاجک
تادين,تادین
تاريخپوهان,تاریخپوه
تاریا,تاریا
تاریخچه,تاریخچ
تاسماګامبیټوف,تاسماګامبیټوف
تالارګډونوال,تالارګډونوال
تالاسه,تالاس
تالاشئ,تالاشئ
تالقانو,تالق
تالونه,تال
تالي,تا
تامبونان,تامبون
تامر,تامر
تامینونکی,تامین
تانتالوم,تانتالوم
تانزانیا,تانزانیا
تاني,تان
تانیای,تانیا
تاوي,تاو
تاویده,تاوید
تاویږي,تاویږ
تايلنډ,تایلنډ
تاډ,تاډ
تاکتیک,تاکتیک
تایلنډ,تایلنډ
تایواني,تایوان
تباهي,تباه
تبديلوي,تبدیلو
تبدیلولو,تبدیلول
تبیو,تبی
تثبیتولو,تثبیتول
تجاوزات,تجاوزات
تجسمي,تجسم
تجهزات,تجهزات
تحريم,تحریم
تحقیقاتياداره,تحقیقاتیادار
تحلیلوي,تحلیلو
تخریبي,تخریب
تخلص,تخلص
تخمين,تخمین
تخميناً,تخمیناً
تخمیناً,تخمیناً
تخنيکي,تخنیک
تخنیږي,تخنیږ
تخنیکګران,تخنیکګر
تخيل,تخیل
تداخل,تداخل
تدبیره,تدبیر
تدریج,تدریج
تذکره,تذکر
ترازو,تراز
ترافيکي,ترافیک
ترانیزیټی,ترانیزیټ
تراټ,تراټ
تراړو,تراړ
تراکسټون,تراکسټ
تربل,تربل
تربله,تربل
تربګنی,تربګن
تربیته,تربیت
ترتيبو,ترتیب
ترتیبي,ترتیب
ترتیبیږي,ترتیبیږ
ترجماني,ترجمان
تردغه,تردغ
ترستن,ترستن
ترسرول,ترسرول
ترسیموي,ترسیمو
ترشلم,ترشلم
ترلاسي,ترلاس
ترمينځ,ترمینځ
ترمینلونو,ترمینل
ترنګلتیا,ترنګل
ترنګول,ترنګول
ترهګریز,ترهګریز
ترهګریزه,ترهګریز
ترهګریزوډلو,ترهګریزوډل
ترواسه,ترواس
تروو,تر
تروډو,تروډ
تروړلي,تروړ
تروړلی,تروړ
ترویجوئ,ترویجوئ
تري,تر
تريخ,تریخ
ترينګلتیا,ترینګل
ترينګلی,ترینګ
ترټولوی,ترټولو
ترټونک,ترټونک
ترټړلو,ترټړل
ترپخوا,ترپخوا
ترڅتګ,ترڅتګ
ترڅنګییو,ترڅنګیی
ترڅنگ,ترڅنگ
ترڅو,ترڅ
ترڅیړن,ترڅیړن
ترکاڼان,ترکاڼ
ترکه,ترک
ترکیبي,ترکیب
ترګان,تر
ترګټ,ترګټ
تریجولو,تریجول
تریخوف,تریخوف
تریشرونه,تریشر
ترینګل,ترینګل
ترینګلتیاوو,ترینګلتیا
ترینګلولای,ترینګلولا
ترینګلی,ترینګ
ترینګلیتا,ترینګلیتا
تریواندرم,تریواندرم
تریډز,تریډز
تزپاټریک,تزپاټریک
تس,تس
تسلم,تسلم
تسليمولو,تسلیمول
تسنيم,تسنیم
تسټ,تسټ
تسپ,تسپ
تسکين,تسکین
تشبه,تشب
تشخیصیه,تشخیصی
تشويق,تشویق
تشکيل,تشکیل
تشیع,تشیع
تصدیو,تصدی
تصفی,تصف
تصمیمونه,تصمیم
تصویرونو,تصویر
تضادونه,تضاد
تضمینونکی,تضمین
تطمیع,تطمیع
تعارفه,تعارف
تعاون,تعا
تعرفو,تعرف
تعقیبوونکي,تعقیبو
تعمق,تعمق
تعميمولای,تعمیمولا
تعویذګر,تعویذګر
تعویذګران,تعویذګر
تعيين,تعیین
تعیب,تعیب
تغیروي,تغیرو
تفاهماتو,تفاهمات
تفنګچ,تفنګچ
تفهاهم,تفهاهم
تفکیکه,تفکیک
تقابل,تقابل
تقدس,تقدس
تقریقا,تقریقا
تقنيني,تقنین
تكلم,تکلم
تكنوا,تکنوا
تلاشيو,تلاشی
تلس,تلس
تلفظ,تلفظ
تلفظي,تلفظ
تلل,تلل
تلنګانه,تلن
تلوونکي,تلو
تلویزونونو,تلویزون
تلیسیمیا,تلیسیمیا
تمبیري,تمبیر
تمد,تمد
تمریتونه,تمریت
تمریناتی,تمرینات
تمځایونه,تمځای
تمځایونو,تمځای
تمځیو,تمځی
تناوب,تناوب
تنخا,تنخا
تنخاګان,تنخا
تنخواګان,تنخوا
تنطیموونک,تنطیموونک
تنظيمول,تنظیمول
تنظیموو,تنظیم
تنظیمیږي,تنظیمیږ
تنه,تن
تنور,تنور
تنوره,تنور
تني,تن
تنګو,تنګ
تنګوالي,تنګ
تنګول,تنګول
تنګولو,تنګول
تنګی,تن
تهانوي,تهانو
تهاڼه,تهاڼ
تهاڼو,تهاڼ
تهد,تهد
تهديدونو,تهدید
تهديديږي,تهدیدیږ
تواتر,تواتر
توارد,توارد
تواصل,تواصل
توافقونو,توافق
توان,تو
تواناني,توانان
توانيا,توانیا
توانیدل,توانیدل
توحيد,توحید
توخمدان,توخمد
توخی,توخ
توده,تود
تودوالي,تود
تودوښ,تودوښ
تورزیړي,تورزیړ
تورغنډ,تورغنډ
تورغونډ,تورغونډ
تورغونډي,تورغونډ
تورلګیدلی,تورلګید
تورنوم,تورنوم
تورهالسډوټیر,تورهالسډوټیر
تورکی,تورک
تورګت,تورګت
توریالي,توریا
توسي,توس
توطی,توط
توغول,توغول
توفنګچ,توفنګچ
توفیقول,توفیقول
توقیفځای,توقیفځا
تولستوی,تولستو
تولیدوونکی,تولیدو
تولیدوي,تولیدو
تولیدیږی,تولیدیږ
توندلاروډلو,توندلاروډل
توندي,توند
توپوهنګی,توپوهن
توپوګرافي,توپوګراف
توپیریز,توپیریز
توکبنسټ,توکبنسټ
توکمی,توکم
توکواړتیا,توکواړ
توکړ,توکړ
توګهونوموله,توګهونومول
توګی,تو
توییږي,توییږ
تيزي,تیز
تيښته,تیښت
تَفْعَلُونَ,تَفْعَلُونَ
تَل,تَل
تُرګان,تُر
تُندغبرګون,تُندغبرګ
تٙعْبُدُوْا,تٙعْبُدُوْا
تړئ,تړئ
تړانګه,تړانګ
تړاونه,تړا
تړلياو,تړلیا
تړه,تړ
تړون,تړ
تړی,تړ
تښتون,تښت
تښتونکي,تښت
تښتونی,تښتون
تښتوونکو,تښتوونک
تښتوونکی,تښتو
تښنونک,تښنونک
تکتو,تکت
تکذیب,تکذیب
تکرا,تکرا
تکرارآ,تکرارآ
تکرارولی,تکرارو
تکفیرول,تکفیرول
تکل,تکل
تکم,تکم
تکړه,تکړ
تکړښت,تکړښت
تڼي,تڼ
تڼی,تڼ
تیاترسالون,تیاترسال
تیاترونو,تیاتر
تیاټر,تیاټر
تیتراهایدرو,تیتراهایدر
تیج,تیج
تیراژ,تیراژ
تیردوو,تیرد
تیریږی,تیریږ
تیزوالي,تیز
تیغ,تیغ
تیلفونونو,تیلفون
تیلیفونونو,تیلیفون
تین,تین
تیونی,تیون
تیوډور,تیوډور
تیږ,تیږ
ثابتو,ثابت
ثابتوي,ثابتو
ثابتیږي,ثابتیږ
ثالث,ثالث
ثبوب,ثبوب
ثرياد,ثریاد
ثقافت,ثقافت
ثمر,ثمر
ثمیني,ثمین
ثناګل,ثناګل
جئوپولیټیک,جئوپولیټیک
جائز,جائز
جابربن,جابربن
جادوګر,جادوګر
جادوګران,جادوګر
جارا,جارا
جارج,جارج
جارد,جارد
جاسوسه,جاسوس
جاسپریت,جاسپریت
جالیو,جالی
جامایکا,جامایکا
جاناټان,جاناټ
جانټون,جانټ
جاوشینګ,جاوشینګ
جاپانيان,جاپان
جاړو,جاړ
جاکټو,جاکټ
جاګډ,جاګډ
جبلالسراج,جبلالسراج
جبهاتو,جبهات
جبین,جبین
جثي,جث
جدوم,جدوم
جراحي,جراح
جرمنيانو,جرمن
جرمنی,جرمن
جرګی,جر
جریانونو,جریان
جزاګان,جزا
جزبه,جزب
جزیل,جزیل
جزیياتو,جزییات
جستو,جست
جسپر,جسپر
جشنوارو,جشنوار
جشنونه,جشن
جعل,جعل
جعلکاریو,جعلکاری
جعم,جعم
جغرافياي,جغرافیا
جلبي,جلب
جلد,جلد
جلعاد,جلعاد
جلیل,جلیل
جلیلي,جلی
جماعة,جماعة
جمالياتي,جمالیات
جمشیدي,جمشید
جمعه,جمع
جمعیه,جمعی
جمنازیم,جمنازیم
جمنازیمونو,جمنازیم
جمهوريت,جمهوریت
جمهوريډکټيټر,جمهوریډکټیټر
جمي,جم
جميعا,جمیعا
جميل,جمیل
جنتا,جنتا
جندالله,جندالل
جنرال,جنرال
جنریشن,جنریشن
جنس,جنس
جنوربي,جنورب
جنوسایډ,جنوسایډ
جنيوا,جنیوا
جنيټيکي,جنیټیک
جنټان,جنټ
جنټیکي,جنټیک
جنپینګ,جنپینګ
جنډا,جنډا
جنډر,جنډر
جنډز,جنډز
جنډه,جنډ
جنګسالاران,جنګسالار
جنګل,جنګل
جنګلک,جنګلک
جنګولي,جنګو
جنګولی,جنګو
جنګونه,جنګ
جنګيالی,جنګیا
جنګی,جن
جنګیالی,جنګیا
جنګیالیتوب,جنګیالی
جنګید,جنګید
جنیتک,جنیتک
جهاز,جهاز
جوئل,جوئل
جوازلیک,جوازلیک
جواني,جوان
جوبایډن,جوبایډن
جوتیراډتیا,جوتیراډ
جوجیستو,جوجیست
جورج,جورج
جورجاړی,جورجاړ
جوزفین,جوزفین
جوزي,جوز
جوزینو,جوزین
جوسیپ,جوسیپ
جولیا,جولیا
جون,جون
جوند,جوند
جونزډوټیر,جونزډوټیر
جونس,جونس
جونټي,جونټ
جونګ,جونګ
جونګړه,جونګړ
جونیر,جونیر
جووت,جووت
جوپړا,جوپړا
جوډي,جوډ
جوډیدرا,جوډیدرا
جوړجاړی,جوړجاړ
جوړشوی,جوړشو
جوړلو,جوړل
جوړوای,جوړوا
جوړولاوی,جوړولاو
جوړولای,جوړولا
جوړوله,جوړول
جوړولو,جوړول
جوړولی,جوړو
جوړون,جوړ
جوړونک,جوړونک
جوړونکي,جوړ
جوړونی,جوړون
جوړوون,جوړو
جوړوونکی,جوړو
جوړښته,جوړښت
جوړښتونو,جوړښت
جوړښتونونه,جوړښتون
جوړکړي,جوړکړ
جوړی,جوړ
جوړیدای,جوړیدا
جوړیدوغوښتنه,جوړیدوغوښتن
جوړیدی,جوړید
جوړیږئ,جوړیږئ
جوړیږو,جوړیږ
جوړیږي,جوړیږ
جوکړ,جوکړ
جوګه,جوګ
جوگيانو,جوگ
جویا,جویا
جيب,جیب
جيولوجيکي,جیولوجیک
جيوپوليټيکو,جیوپولیټیک
جيوپوليټيکي,جیوپولیټیک
جيوپولټيک,جیوپولټیک
جيوپولټيکي,جیوپولټیک
جيوګرافيک,جیوګرافیک
جِن,جِن
جپګوړي,جپګوړ
جډیجه,جډیج
جک,جک
جکوویچ,جکوویچ
جکړه,جکړ
جکړو,جکړ
جګبوړو,جګبوړ
جګدلک,جګدلک
جګر,جګر
جګره,جګر
جګو,جګ
جګپوری,جګپور
جګپوړو,جګپوړ
جګپوړي,جګپوړ
جګپوړی,جګپوړ
جګړ,جګړ
جګړا,جګړا
جګړن,جګړن
جګړه,جګړ
جګړهییزو,جګړهییز
جګړو,جګړ
جګړوپه,جګړوپ
جګړي,جګړ
جګړیز,جګړیز
جګړیزه,جګړیز
جګړیزو,جګړیز
جګړییز,جګړییز
جګړییزو,جګړییز
جګیږي,جګیږ
جگړه,جگړ
جگړی,جگړ
جڼډه,جڼډ
جیبوټي,جیبوټ
جیت,جیت
جیدزاده,جیدزاد
جیرالډو,جیرالډ
جیرفټ,جیرفټ
جیرلډ,جیرلډ
جیرمي,جیرم
جیرومي,جیروم
جیفریز,جیفریز
جیمرونو,جیمر
جیمزټاون,جیمزټا
جیمیسن,جیمیسن
جیمیسون,جیمیس
جینینګز,جینینګز
جینیټک,جینیټک
جینیټیکي,جینیټیک
جیوري,جیور
جیورګي,جیور
جیولوجیکل,جیولوجیکل
جیونیوز,جیونیوز
جیوپوليټيک,جیوپولیټیک
جیوپولیټیکه,جیوپولیټیک
جیوکس,جیوکس
جیټل,جیټل
جیپينګ,جیپینګ
حائله,حائل
حاجا,حاجا
حاحي,حاح
حادثه,حادث
حاسب,حاسب
حاصلح,حاصلح
حاصلخیزه,حاصلخیز
حاصليږي,حاصلیږ
حاضريږي,حاضریږ
حاضریانو,حاضر
حافَظَ,حافَظَ
حالونه,حال
حاکان,حاک
حاکميته,حاکمیت
حبرتیا,حبر
حجب,حجب
حجرو,حجر
حجي,حج
حداکثر,حداکثر
حذفول,حذفول
حراکړی,حراکړ
حرج,حرج
حریمه,حریم
حزبالله,حزبالل
حسابدار,حسابدار
حسنین,حسنین
حشام,حشام
حص,حص
حفص,حفص
حفظالصح,حفظالصح
حقمل,حقمل
حقوفو,حقوف
حقوقي,حقوق
حقٍّ,حقٍّ
حقیقتونه,حقیقت
حلالول,حلالول
حللاره,حللار
حلیږي,حلیږ
حمتي,حمت
حمران,حمر
حملو,حمل
حمود,حمود
حميراحقمل,حمیراحقمل
حمید,حمید
حمیدي,حمید
حمیدیان,حمید
حول,حول
حومادي,حوماد
حویل,حویل
حيرانتیا,حیران
حَيْثُ,حَیْثُ
حکامو,حکام
حکاک,حکاک
حکومتولی,حکومتو
حګړه,حګړ
حیثیت,حیثیت
حیدرخ,حیدرخ
خاد,خاد
خادمین,خادمین
خارجیږي,خارجیږ
خارلڅ,خارلڅ
خارښت,خارښت
خارګوس,خارګوس
خاش,خاش
خاص,خاص
خاطرخپله,خاطرخپل
خالقيار,خالقیار
خالځص,خالځص
خاني,خان
خانګړي,خانګړ
خايل,خایل
خبرنګاران,خبرنګار
خبرو,خبر
خبرورکړی,خبرورکړ
خبرپآڼه,خبرپآڼ
خبرپه,خبرپ
خبرګان,خبر
خبیثه,خبیث
ختمونه,ختم
ختيځه,ختیځ
ختیځه,ختیځ
ختیځو,ختیځ
ختیځی,ختیځ
خجالت,خجالت
خدمتونوته,خدمتونوت
خدمتګارانو,خدمتګار
خدمو,خدم
خدي,خد
خدیتوب,خدی
خراساني,خراسان
خراسانیان,خراسان
خربین,خربین
خرسون,خرس
خرمالق,خرمالق
خرمست,خرمست
خروټی,خروټ
خرڅون,خرڅ
خرڅوونکی,خرڅو
خرڅوی,خرڅو
خرڅيږي,خرڅیږ
خرڅیدای,خرڅیدا
خزن,خزن
خزندګان,خزند
خساره,خسار
خستګ,خستګ
خستګي,خست
خسرو,خسر
خسرګنیو,خسرګنی
خشره,خشر
خشونتونو,خشونت
خصیو,خصی
خطاست,خطاست
خطرله,خطرل
خطرو,خطر
خفیف,خفیف
خلاصة,خلاصة
خلاصول,خلاصول
خلاف,خلاف
خلاق,خلاق
خلاګان,خلا
خلته,خلت
خله,خل
خلکوکورونه,خلکوکور
خلیله,خلیل
خملنیتسکي,خملنیتسک
خنداګان,خندا
خندقونه,خندق
خنځیران,خنځیر
خنډنی,خنډن
خنډونونو,خنډون
خنډوځنډ,خنډوځنډ
خنډیدو,خنډید
خوابدتیا,خوابد
خوابدي,خوابد
خواخواږي,خواخواږ
خواخوږو,خواخوږ
خواخوږی,خواخوږ
خوارځواکی,خوارځواک
خواریکښه,خواریکښ
خواز,خواز
خواشين,خواشین
خواشينوونکو,خواشینوونک
خوال,خوال
خواوږی,خواوږ
خواړه,خواړ
خواړو,خواړ
خوداګاه,خوداګا
خودجوشه,خودجوش
خودخواهي,خودخواه
خودسانسوري,خودسانسور
خودندیتوب,خودندی
خودویک,خودویک
خودښځو,خودښځ
خودکاره,خودکار
خودکشي,خودکش
خودکفايي,خودکفای
خودی,خود
خوراکونو,خوراک
خوراکڅښاک,خوراکڅښاک
خوش,خوش
خوشدیل,خوشدیل
خوندونه,خوند
خونديتابه,خوندیتاب
خوځنډه,خوځنډ
خوځولو,خوځول
خوځښت,خوځښت
خوځښته,خوځښت
خوځښتونو,خوځښت
خوځښتي,خوځښت
خوځښټ,خوځښټ
خوړلای,خوړلا
خوړلی,خوړ
خوړنيز,خوړنیز
خوړنځايونو,خوړنځای
خوړنځای,خوړنځا
خوړنځي,خوړنځ
خوړنځی,خوړنځ
خوړنځیو,خوړنځی
خوړونکی,خوړ
خوږ,خوږ
خوږوالی,خوږ
خوږونکي,خوږ
خوږي,خوږ
خوږياڼو,خوږیاڼ
خوږياڼي,خوږیاڼ
خوږیاڼ,خوږیاڼ
خوږیاڼو,خوږیاڼ
خوږیاڼي,خوږیاڼ
خوښبږي,خوښبږ
خوښوئ,خوښوئ
خوښولو,خوښول
خوښون,خوښ
خوښونکي,خوښ
خوښونکی,خوښ
خوښيږي,خوښیږ
خوښی,خو
خوښیږي,خوښیږ
خوګان,خو
خوګاونډي,خوګاونډ
خوګياڼو,خوګیاڼ
خوګیانی,خوګیان
خوګیاڼو,خوګیاڼ
خویي,خوی
خيار,خیار
خيبره,خیبر
خيبرپښتنوخوا,خیبرپښتنوخوا
خيراند,خیراند
خټکی,خټک
خټګری,خټګر
خټیځ,خټیځ
خپرنځیو,خپرنځی
خپرو,خپر
خپرولای,خپرولا
خپلزرګونه,خپلزرګ
خپلسره,خپلسر
خپلواکه,خپلواک
خپلوي,خپلو
خپلوځانګړوالوسره,خپلوځانګړوالوسر
خپلځان,خپلځ
خپلی,خپ
خپورکړی,خپورکړ
خپګان,خپ
خډراڼ,خډراڼ
خډیدلی,خډید
خړوبوبیږي,خړوبوبیږ
خړوبون,خړوب
خړوبویږي,خړوبویږ
خښول,خښول
خښیږي,خښیږ
خڼدونو,خڼد
خڼډوي,خڼډو
خیراتوي,خیراتو
خیرالله,خیرالل
خیراند,خیراند
خیرخانه,خیرخ
خیرخیریت,خیرخیریت
خیرسون,خیرس
خیرغوښتونکو,خیرغوښتونک
خیرغوښتونکي,خیرغوښت
خیز,خیز
خیټ,خیټ
داجریمه,داجریم
داخلیدل,داخلیدل
داخلیلدل,داخلیلدل
داد,داد
دارالافتا,دارالافتا
دارالحفاظونه,دارالحفاظ
دارالمجانین,دارالمجانین
دارستاني,دارستان
داروګان,دارو
دازادو,دازاد
داسیا,داسیا
دالايي,دالای
دالبندین,دالبندین
دامسټرډم,دامسټرډم
دامکان,دامک
دانسخه,دانسخ
دانګال,دانګال
دانګي,دان
داوبو,داوب
داودزي,داودز
داور,داور
داوران,داور
داوطلبانه,داوطلب
داوطلبه,داوطلب
داوړه,داوړ
داوید,داوید
داڅرګندون,داڅرګند
داچیف,داچیف
داړه,داړ
داکټران,داکټر
داګ,داګ
دایه,دای
دایي,دای
دایکندي,دایکند
دبدلونو,دبدل
دتمځای,دتمځا
دتګ,دتګ
دجمهوريت,دجمهوریت
دجګړ,دجګړ
دحق,دحق
دخپر,دخپر
ددغهڅرګندونو,ددغهڅرګند
ددغي,ددغ
ددواړو,ددواړ
درابان,دراب
درانۀ,درانۀ
درد,درد
دردناكه,دردناک
دردیږي,دردیږ
درل,درل
درلنډز,درلنډز
درمتالوجست,درمتالوجست
درمشالا,درمشالا
درملتونه,درملت
درملتونڅښتن,درملتونڅښتن
درملود,درملود
درندو,درند
درنځورو,درنځور
درنکړای,درنکړا
درهای,درها
دروئ,دروئ
دروا,دروا
دروتي,دروت
دروزاه,دروزا
دروغجن,دروغجن
دروغجنه,دروغجن
دروغورځي,دروغورځ
درولو,درول
دروني,درون
دروپ,دروپ
دروژکیفکا,دروژکیفکا
درپس,درپس
درپيژنو,درپیژن
درځي,درځ
درکوو,درک
درکړي,درکړ
درګه,درګ
دریاو,دریا
دریش,دریش
دریغوي,دریغو
دریمګړ,دریمګړ
درینګټن,درینګټن
درینګړ,درینګړ
درینګړه,درینګړ
دریځونو,دریځ
دریځی,دریځ
دریځیو,دریځی
دسازمان,دسازم
دستاربندي,دستاربند
دستونز,دستونز
دستګا,دستګا
دستیار,دستیار
دسمالونه,دسمال
دسیلوا,دسیلوا
دسیګنال,دسیګنال
دعاګاني,دعاګان
دعباداتو,دعبادات
دعزم,دعزم
دعم,دعم
دعمدي,دعمد
دعملي,دعم
دعواګان,دعوا
دغني,دغن
دغونډو,دغونډ
دغپ,دغپ
دغی,دغ
دغیر,دغیر
دفتنه,دفتن
دفخرپروژ,دفخرپروژ
دلارښوونو,دلارښو
دلد,دلد
دلم,دلم
دلو,دل
دلوبو,دلوب
دلوړ,دلوړ
دلوګر,دلوګر
دلویو,دلوی
دليلونو,دلیل
دلټون,دلټ
دلګښتونو,دلګښت
دلګیر,دلګیر
دمارکیټنګ,دمارکیټنګ
دماغي,دماغ
دمتري,دمتر
دمرګژوبل,دمرګژوبل
دمستند,دمستند
دمش,دمش
دملاتړ,دملاتړ
دملت,دملت
دملي,دم
دمنجمد,دمنجمد
دمنځګړو,دمنځګړ
دموکراتان,دموکرات
دموکراتو,دموکرات
دموکراسيو,دموکراسی
دموکراسیو,دموکراسی
دمړو,دمړ
دمکړ,دمکړ
دمګری,دمګر
دمګړ,دمګړ
دناڅرګنده,دناڅرګند
دنبطي,دنبط
دندی,دند
دنسکورولو,دنسکورول
دنوروشګو,دنوروشګ
دنوموړی,دنوموړ
دنړيوال,دنړیوال
دنیا,دنیا
دنیس,دنیس
دواء,دواء
دواجوړن,دواجوړن
دوارو,دوار
دواطلب,دواطلب
دوامدارډول,دوامدارډول
دواوړه,دواوړ
دواپاشي,دواپاش
دواګان,دوا
دوایي,دوای
دوبندي,دوبند
دوجود,دوجود
دودولی,دودو
دودکوونکو,دودکوونک
دورمه,دورم
دورنا,دورنا
دورځی,دورځ
دوری,دور
دوستم,دوستم
دوسي,دوس
دوسی,دوس
دوشبنه,دوشبن
دوعاګان,دوعا
دوغوښتونکی,دوغوښت
دولتخراسان,دولتخراس
دولتونوجوړ,دولتونوجوړ
دولتیار,دولتیار
دولسمو,دولسم
دومینګو,دومینګ
دونباسه,دونباس
دونكى,دونکى
دونو,دون
دوهلو,دوهل
دوهم,دوهم
دوول,دوول
دوى,دوى
دويساک,دویساک
دوپوکار,دوپوکار
دوړول,دوړول
دوړونو,دوړ
دوښمانان,دوښمان
دوښمنان,دوښمن
دوښمنیو,دوښمنی
دوګارون,دوګار
دوګل,دوګل
دوګون,دوګ
دوګونی,دوګون
دوګړو,دوګړ
دویجاړوشویو,دویجاړوشوی
ديميتري,دیمیتر
ديځ,دیځ
ديږ,دیږ
ديگراست,دیگراست
دټرانسپورټ,دټرانسپورټ
دټنګ,دټنګ
دټولني,دټولن
دپارلمان,دپارلم
دپاره,دپار
دپر,دپر
دپلوماتیکه,دپلوماتیک
دپلوماټان,دپلوماټ
دپلوماټیک,دپلوماټیک
دپولنډاوبیلاروسترمنځ,دپولنډاوبیلاروسترمنځ
دپوليسو,دپولیس
دپيداښت,دپیداښت
دپښتو,دپښت
دځانګړو,دځانګړ
دځانګړي,دځانګړ
دځنګانه,دځن
دځوان,دځو
دڅښتن,دڅښتن
دړ,دړ
دړه,دړ
دړو,دړ
دښ,دښ
دښت,دښت
دښتي,دښت
دښوونځیو,دښوونځی
دښځو,دښځ
دښځواو,دښځوا
دښځودحقوقوددفاع,دښځودحقوقوددفاع
دښځوپرحقونوسترګ,دښځوپرحقونوسترګ
دښځوپه,دښځوپ
دښځوچارو,دښځوچار
دښځوچاروريسه,دښځوچاروریس
دښځي,دښځ
دکتاتورانو,دکتاتور
دکمښت,دکمښت
دکوټ,دکوټ
دکوټا,دکوټا
دګرنډ,دګرنډ
دګناه,دګنا
دګوزڼ,دګوزڼ
دګټ,دګټ
دګډ,دګډ
دګډون,دګډ
دی,دی
دیاب,دیاب
دیان,دی
دیروبهائي,دیروبهائ
دیشي,دیش
دیمتري,دیمتر
دیموکراتیکه,دیموکراتیک
دیموکراټان,دیموکراټ
دیني,دین
دینګري,دینګر
دیوورډ,دیوورډ
دیوګانو,دیو
دیوګړه,دیوګړ
دیپلوماتونو,دیپلومات
دیپلوماس,دیپلوماس
دیپلوماټیک,دیپلوماټیک
دیځوال,دیځوال
دیځوالو,دیځوال
دیکنډي,دیکنډ
ذاتونو,ذات
ذاك,ذاک
ذاکري,ذاکر
ذاکریان,ذاکر
ذخيره,ذخیر
ذره,ذر
ذریعه,ذریع
ذغال,ذغال
ذلجلال,ذلجلال
ذهن,ذهن
ذهنه,ذهن
ذوال,ذوال
ذوب,ذوب
ذِبْحٌ,ذِبْحٌ
ذیکپ,ذیکپ
رااخیست,رااخیست
رااړولی,رااړو
رااړوي,رااړو
رابلونکو,رابلونک
رابولم,رابولم
رابښلی,رابښ
راتلل,راتلل
راتوت,راتوت
راتړلی,راتړ
راجاګان,راجا
راجسټر,راجسټر
راجم,راجم
راجوتوي,راجوتو
راجګه,راجګ
راجگیدو,راجگید
راجیته,راجیت
راختل,راختل
راخیست,راخیست
راخیږی,راخیږ
رادارونه,رادار
رادریګز,رادریګز
رادمرد,رادمرد
رادیوګان,رادیو
راراونه,رارا
رارسیدلی,رارسید
رارسیږي,رارسیږ
رازو,راز
راسپړل,راسپړل
راسپړلی,راسپړ
راشړل,راشړل
راضیه,راضی
راغبرګ,راغبرګ
راغلو,راغل
راغورځولو,راغورځول
راغورځولی,راغورځو
راغونډيږي,راغونډیږ
راغونډیږي,راغونډیږ
راغوښتی,راغوښت
راغوڼدیږي,راغوڼدیږ
راغوڼډ,راغوڼډ
راق,راق
رالف,رالف
رالنډ,رالنډ
رالپنډ,رالپنډ
رالیږلی,رالیږ
رامحدود,رامحدود
رامنعه,رامنع
رامنځه,رامنځ
رانغښت,رانغښت
رانو,ران
رانیولوته,رانیولوت
راهیست,راهیست
راواړول,راواړول
راواړوه,راواړو
راوایستله,راوایستل
راوباسله,راوباسل
راوتلو,راوتل
راوتي,راوت
راوتړئ,راوتړئ
راوخيست,راوخیست
راورسي,راورس
راورسيږي,راورسیږ
راوروسته,راوروست
راوسپړي,راوسپړ
راوغورځ,راوغورځ
راوغوښتم,راوغوښتم
راولى,راولى
راوليږلم,راولیږلم
راوليږي,راولیږ
راولپنډي,راولپنډ
راولپڼډ,راولپڼډ
راولی,راو
راولیږي,راولیږ
راون,را
راونهټه,راونهټ
راونډر,راونډر
راونیسه,راونیس
راوو,را
راووځم,راووځم
راووځی,راووځ
راوپاروه,راوپارو
راوپايي,راوپای
راوځړوئ,راوځړوئ
راوړ,راوړ
راوړاند,راوړاند
راوړستلای,راوړستلا
راوړلی,راوړ
راوړن,راوړن
راوړنه,راوړن
راوړنو,راوړن
راوړنی,راوړن
راوړونکی,راوړ
راوړى,راوړى
راوړی,راوړ
راوړیدی,راوړید
راوژغورئ,راوژغورئ
راوښتو,راوښت
راوښود,راوښود
راوښوده,راوښود
راوګرځ,راوګرځ
راوګرځئ,راوګرځئ
راوګرځاوه,راوګرځاو
راوګرځم,راوګرځم
راوګرځو,راوګرځ
راوګرځوئ,راوګرځوئ
راوګرځول,راوګرځول
راوګرځوله,راوګرځول
راوګرځوه,راوګرځو
راوګرځي,راوګرځ
راوګورځول,راوګورځول
راویښه,راویښ
راویښوي,راویښو
راياد,رایاد
راټواټ,راټواټ
راټور,راټور
راټولولای,راټولولا
راټولوو,راټول
راټولیږي,راټولیږ
راټوټ,راټوټ
راټوکیدلي,راټوکید
راټوکیږي,راټوکیږ
راټيټه,راټیټ
راټيټولای,راټیټولا
راټکلیف,راټکلیف
راټیټولو,راټیټول
راټیټیږي,راټیټیږ
راپارولو,راپارول
راپریوځي,راپریوځ
راپه,راپ
راپورنه,راپورن
راپورونکي,راپور
راپورټر,راپورټر
راپینو,راپین
راځئ,راځئ
راځړ,راځړ
راځړول,راځړول
راځړولو,راځړول
راځړیدلي,راځړید
راځی,راځ
راڅرګنده,راڅرګند
راڅرګندو,راڅرګند
راڅرګندوي,راڅرګندو
راڅرګندیدل,راڅرګندیدل
راڅرګندیدو,راڅرګندید
راڅرګندیدونکو,راڅرګندیدونک
راڅرګندیزي,راڅرګندیز
راڅرګندیږي,راڅرګندیږ
راډي,راډ
راډيوګانو,راډیو
راډيوګرافره,راډیوګرافر
راډيوګرافرو,راډیوګرافر
راډیويی,راډیوی
راډیوګانو,راډیو
راډیوګاني,راډیوګان
راډیوګرافر,راډیوګرافر
راړنګه,راړنګ
راړوی,راړو
راښکاري,راښکار
راښکون,راښک
راښکونکی,راښک
راښکوونکی,راښ
راکاږلو,راکاږل
راکاږي,راکاږ
راکشول,راکشول
راکوز,راکوز
راکډه,راکډ
راکړی,راکړ
راکښل,راکښل
راګرځاوه,راګرځاو
راګرځو,راګرځ
راګرځول,راګرځول
راګرځولای,راګرځولا
راګرځولو,راګرځول
راګرځولي,راګرځو
راګرځوو,راګرځ
راګرځي,راګرځ
راګرځیدلی,راګرځید
راګرځیدو,راګرځید
راګرڅول,راګرڅول
راګوان,راګو
راګوري,راګور
راګوځولي,راګوځو
راګډه,راګډ
رایان,را
راینولډز,راینولډز
رایوحکومت,رایوحکومت
رایونډ,رایونډ
رایوځای,رایوځا
رایډز,رایډز
رایډیوګان,رایډیو
رباکینا,رباکینا
ربایی,ربای
ربهم,ربهم
ربړه,ربړ
ربړولی,ربړو
ربړون,ربړ
ربیناوو,ربینا
رتنایکی,رتنایک
رجيتا,رجیتا
رحال,رحال
رحانيانو,رحان
رحیمالله,رحیمالل
رخصنیو,رخصنی
رخونه,رخ
رد,رد
ردو,رد
رروغتیا,رروغ
رزمیني,رزمین
رزوګار,رزوګار
رزوینه,رزوین
رسالته,رسالت
رسانټ,رسانټ
رستمزي,رستمز
رستن,رستن
رستوارنت,رستوارنت
رسد,رسد
رسمونه,رسم
رسنيو,رسنی
رسنیزو,رسنیز
رسوبي,رسوب
رسولی,رسو
رسونوکي,رسونوک
رسيدا,رسیدا
رسټر,رسټر
رسټلي,رسټ
رسټوران,رسټور
رسیدنه,رسیدن
رسیده,رسید
رسیدونو,رسید
رسیدګی,رسید
رسیړلی,رسیړ
رضاکاره,رضاکار
رضوان,رضو
رغند,رغند
رغولی,رغو
رغونه,رغ
رغوونکي,رغو
رففح,رففح
رقاصو,رقاص
رقی,رق
رلنډ,رلنډ
رليفټ,رلیفټ
رمحمد,رمحمد
رناوټ,رناوټ
رنه,رن
رنټ,رنټ
رنځ,رنځ
رنځوران,رنځور
رنډیل,رنډیل
رنګارنګي,رنګارن
رنګز,رنګز
رنګولی,رنګو
رنګوونکی,رنګو
رنګی,رن
رنګیري,رنګیر
رنګیني,رنګین
رنیویر,رنیویر
رهارد,رهارد
رهد,رهد
روا,روا
روابطوشورا,روابطوشورا
رواجونکی,رواج
رواندوا,رواندوا
روانشناس,روانشناس
روانو,رو
روباتیک,روباتیک
روباټونه,روباټ
روباټیا,روباټیا
روبلیس,روبلیس
روبوټي,روبوټ
روخت,روخت
روزلین,روزلین
روزنیزو,روزنیز
روزونک,روزونک
روزوونکی,روزو
روزګاران,روزګار
روزګان,روز
روسپوټریبناډزور,روسپوټریبناډزور
روسکاینډ,روسکاینډ
روسیهجمعه,روسیهجمع
روشونو,روش
روض,روض
روغانی,روغان
روغيتاي,روغیتا
روفو,روف
رولنډ,رولنډ
روماتیزم,روماتیزم
روماریو,روماری
رومانوف,رومانوف
روماني,رومان
رومانټان,رومانټ
روند,روند
رونو,رون
رونټيا,رونټیا
روهینگا,روهینگا
روورونو,روور
روځپان,روځپ
روچسټر,روچسټر
روچډیل,روچډیل
روډریګز,روډریګز
روډریګزچ,روډریګزچ
روډریګوز,روډریګوز
روډریګیز,روډریګیز
روډس,روډس
روډوټس,روډوټس
روړنتیا,روړن
روړکي,روړک
روږدوالی,روږد
روږدى,روږدى
روږدي,روږد
روږديتوب,روږدی
روژماتي,روژمات
روښان,روښ
روښانتیا,روښان
روښانفکره,روښانفکر
روښانوو,روښان
روښنفکري,روښنفکر
روکراسي,روکراس
روکسي,روکس
روګر,روګر
روګن,روګن
روڼتیا,روڼ
روڼوالی,روڼ
رویرو,رویر
رویل,رویل
رویټرزغوښتن,رویټرزغوښتن
رویټرزوايي,رویټرزوای
رویټون,رویټ
رياضي,ریاض
ريان,ری
ريانووستي,ریانووست
ريكشاوو,ریکشا
رييس,رییس
ريټا,ریټا
ريډنګ,ریډنګ
ريښتنی,ریښتن
ريښتينولى,ریښتینولى
ريښتينی,ریښتین
ريښتینول,ریښتینول
ريښه,ریښ
ريښو,ریښ
رَأَیْتُ,رَأَیْتُ
رَبَّنَا,رَبَّنَا
رِټلینډ,رِټلینډ
رټون,رټ
رپوت,رپوت
رپورټس,رپورټس
رپوټونون,رپوټون
رځ,رځ
رډوای,رډوا
رږسی,رږس
رښتينول,رښتینول
رښتيني,رښتین
رښتینوالی,رښتین
رښتینول,رښتینول
رښتینولي,رښتینو
رښتینی,رښتین
رکشهابندهن,رکشهابندهن
رکي,رک
رګل,رګل
رګي,رګ
رګټوره,رګټور
رگ,رگ
رڼاګان,رڼا
رڼاګانو,رڼا
رڼاګاڼ,رڼاګاڼ
رڼاګاڼو,رڼاګاڼ
ریئلیټي,ریئلیټ
ریال,ریال
ریدل,ریدل
ریزوتو,ریزوت
ریزیډنټ,ریزیډنټ
ریسایکلنګ,ریسایکلنګ
ریسپټورونو,ریسپټور
ریسینګ,ریسینګ
ریشب,ریشب
ریفرنډم,ریفرنډم
ریلیف,ریلیف
ریموټ,ریموټ
رینز,رینز
رینګټن,رینګټن
ریوارداتي,ریواردات
ریواني,ریوان
ریوسوک,ریوسوک
ریوټ,ریوټ
ریټایرم,ریټایرم
ریټرو,ریټر
ریټنګ,ریټنګ
ریټینول,ریټینول
ریپوسته,ریپوست
ریپوټ,ریپوټ
ریچارلیسن,ریچارلیسن
ریچمونډشیر,ریچمونډشیر
ریچن,ریچن
ریډګولډ,ریډګولډ
ریډین,ریډین
ریډینګ,ریډینګ
ریډیټر,ریډیټر
ریړ,ریړ
ریږئ,ریږئ
ریښتون,ریښت
ریښتونی,ریښتون
ریښتیا,ریښ
ریښتینو,ریښتین
ریښتینوالی,ریښتین
ریښتینول,ریښتینول
ریښتینی,ریښتین
ریښتیون,ریښتی
ریښو,ریښ
ریکارډ,ریکارډ
ریکارډز,ریکارډز
ریکارډه,ریکارډ
ریکاډ,ریکاډ
ریکاډي,ریکاډ
ریکلیټون,ریکلیټ
ریکټور,ریکټور
ریکټورونو,ریکټور
ریکیلټن,ریکیلټن
ریکیټس,ریکیټس
ریګو,ریګ
ریګولیټري,ریګولیټر
زات,زات
زاغانو,زاغ
زامترادزه,زامترادز
زامنو,زامن
زاویده,زاوید
زاړه,زاړ
زاکربرګ,زاکربرګ
زایره,زایر
زایي,زای
زبادولو,زبادول
زبان,زب
زبيد,زبید
زبیښل,زبیښل
زبیښلی,زبیښ
زجر,زجر
زحمتکش,زحمتکش
زخاروا,زخاروا
زدهکړه,زدهکړ
زدکونکو,زدکونک
زدکړی,زدکړ
زدکړیالان,زدکړیال
زدکړیاله,زدکړیال
زدګړو,زدګړ
زرهډ,زرهډ
زروه,زرو
زروړتیا,زروړ
زرڅانګ,زرڅانګ
زرکو,زرک
زرکونو,زرک
زرګران,زرګر
زرګل,زرګل
زسیږي,زسیږ
زغرګاډو,زغرګاډ
زغرګاډي,زغرګاډ
زغملو,زغمل
زلدین,زلدین
زلموټی,زلموټ
زمانخیل,زمانخیل
زمكه,زمک
زمونږ,زمونږ
زناته,زنات
زندانيانو,زندان
زنس,زنس
زنړان,زنړ
زنګانه,زن
زنګه,زنګ
زنګونونو,زنګون
زنګیان,زنګ
زهران,زهر
زوستيا,زوس
زومانو,زوم
زومپانګو,زومپانګ
زوى,زوى
زوړوالی,زوړ
زوکړی,زوکړ
زوګان,زو
زوګدیدي,زوګدید
زياتيري,زیاتیر
زيانمن,زیانمن
زيبايى,زیبایى
زيد,زید
زيدالسراج,زیدالسراج
زيربناوو,زیربنا
زيونونه,زیون
زيړى,زیړى
زيږ,زیږ
زيږنتون,زیږنت
زيږون,زیږ
زيږونونو,زیږون
زپوريژيا,زپوریژیا
زړتوب,زړ
زړهبوږنوونکی,زړهبوږنو
زړهٔ,زړهٔ
زړوتیا,زړو
زړورتوب,زړور
زړورتیا,زړور
زړوړتیا,زړوړ
زړوکی,زړوک
زړښت,زړښت
زړګی,زړ
زړګیه,زړګی
زړی,زړ
زڼغوزي,زڼغوز
زیاتوازمایښتونو,زیاتوازمایښت
زیاتولو,زیاتول
زیاتويد,زیاتوید
زیاتی,زیات
زیاتید,زیاتید
زیان,زی
زیانم,زیانم
زیانمنونکی,زیانمن
زیانمنیدو,زیانمنید
زیانموونکو,زیانموونک
زیانګالو,زیانګال
زیدان,زید
زیدي,زید
زیربي,زیرب
زیلنډ,زیلنډ
زینر,زینر
زینو,زین
زیورات,زیورات
زیوس,زیوس
زیډونګ,زیډونګ
زیړی,زیړ
زیږتون,زیږت
زیږدلی,زیږد
زیږدونکو,زیږدونک
زیږدي,زیږد
زیږدیدونکی,زیږدید
زیږنتون,زیږنت
زیږه,زیږ
زیږون,زیږ
زیږونځي,زیږونځ
زیږوونکی,زیږو
زیږيدي,زیږید
زیږیدیز,زیږیدیز
زیګپدان,زیګپد
ساتنځایونو,ساتنځای
ساتنځيو,ساتنځی
ساتونک,ساتونک
ساختار,ساختار
ساختماني,ساختمان
سادیف,سادیف
سارنګ,سارنګ
سارنګي,سارن
سازمانانونو,سازمانان
سازمانونو,سازمان
ساسي,ساس
ساسچونو,ساسچ
ساغر,ساغر
سافټوير,سافټویر
سالارزو,سالارز
سالارزیو,سالارزی
سالتوونکو,سالتوونک
سالواتروچا,سالواتروچا
سالود,سالود
سالوو,سال
سامح,سامح
سامسن,سامسن
ساموئل,ساموئل
سان,سان
سانا,سانا
سانت,سانت
سانتر,سانتر
سانتریفیوژونه,سانتریفیوژ
سانسوریږي,سانسوریږ
سانسکریټ,سانسکریټ
سانټ,سانټ
سانچو,سانچ
سانډا,سانډا
سانډر,سانډر
سانګلي,سانګ
سانګړ,سانګړ
ساهیتیا,ساهی
ساودي,ساود
ساویت,ساویت
ساينسي,ساینس
ساينسپوه,ساینسپو
ساپ,ساپ
ساپو,ساپ
ساپینګټن,ساپینګټن
ساړ,ساړ
ساکورایټس,ساکورایټس
ساګ,ساګ
ساګانو,سا
ساګوی,ساګو
سایبریا,سایبریا
سایسنسپوهانو,سایسنسپوه
سایسنپوه,سایسنپو
سایمان,سایم
ساینسپوهانو,ساینسپوه
ساینټیفک,ساینټیفک
ساینټیفیک,ساینټیفیک
سایډي,سایډ
سایکل,سایکل
سایکوټ,سایکوټ
سایکي,سایک
سایګون,سایګ
سباکه,سباک
سببه,سبب
سبرامڼیم,سبرامڼیم
سبزار,سبزار
سبزيان,سبز
سبزیانو,سبز
سبقت,سبقت
سبقونه,سبق
سبقونو,سبق
سبمال,سبمال
سبوس,سبوس
سبټونو,سبټ
ستاس,ستاس
ستانیو,ستانی
ستاوریدیس,ستاوریدیس
ستاینغونډ,ستاینغونډ
ستخدریځو,ستخدریځ
ستراتيز,ستراتیز
ستراتيژیک,ستراتیژیک
ستراټهـوف,ستراټهـوف
سترلینګ,سترلینګ
سترګ,سترګ
ستندردونو,ستندرد
ستندوي,ستندو
ستنول,ستنول
ستوانو,ستو
ستوريزه,ستوریز
ستوری,ستور
ستوزنه,ستوزن
ستوغ,ستوغ
ستونزمنګامونه,ستونزمنګام
ستونزوسر,ستونزوسر
ستوني,ستون
ستړتیا,ستړ
ستړو,ستړ
ستړونکی,ستړ
ستړیا,ستړیا
ستیدلو,ستیدل
سجل,سجل
سجنک,سجنک
سحر,سحر
سحرا,سحرا
سختدریځه,سختدریځ
سختدریځو,سختدریځ
سختدریځی,سختدریځ
سدوزی,سدوز
سراتونین,سراتونین
سراج,سراج
سراجي,سراج
سرامک,سرامک
سراه,سرا
سرببری,سرببر
سربلند,سربلند
سربندونو,سربند
سربیره,سربیر
سرجنګل,سرجنګل
سرحدونه,سرحد
سرخوږی,سرخوږ
سرخګان,سرخ
سرسبزي,سرسبز
سرشي,سرش
سرطانونو,سرطان
سرطانی,سرطان
سرغړاون,سرغړا
سرغړاونو,سرغړا
سرغړوان,سرغړو
سرغړون,سرغړ
سرغړونکی,سرغړ
سرغړونی,سرغړون
سرغړوونک,سرغړوونک
سرغړوونکی,سرغړو
سرقوماندان,سرقوماند
سرك,سرک
سرلاري,سرلار
سرلوڅی,سرلوڅ
سرلوړی,سرلوړ
سرمربي,سرمرب
سرمشریره,سرمشریر
سرنده,سرند
سرنګونه,سرنګ
سرودونه,سرود
سرورونو,سرور
سروز,سروز
سرویس,سرویس
سرویګانو,سروی
سريلانکا,سریلانکا
سريلنکايي,سریلنکای
سرټوکیدلی,سرټوکید
سرټړل,سرټړل
سرټکو,سرټک
سرټیفیکیټونه,سرټیفیکیټ
سرپټ,سرپټ
سرپټو,سرپټ
سرڅلی,سرڅ
سرچنیو,سرچنی
سرچینه,سرچین
سرښونک,سرښونک
سرښوونکی,سرښو
سرکاڼو,سرکاڼ
سرکشي,سرکش
سرکونسل,سرکونسل
سرکښه,سرکښ
سرګئي,سرګئ
سرګردان,سرګرد
سرګردانیو,سرګردانی
سرګروپان,سرګروپ
سرګروپونو,سرګروپ
سرګرځیدل,سرګرځیدل
سرګی,سر
سری,سر
سریلاناکا,سریلاناکا
سریلانکای,سریلانکا
سریکان,سریک
سزاګان,سزا
سزګان,سز
سسي,سس
سطحه,سطح
سعادتمند,سعادتمند
سعیدشاه,سعیدشا
سفارتي,سفارت
سفارشونه,سفارش
سفارشونو,سفارش
سفالي,سفا
سفتجه,سفتج
سفرلارښوون,سفرلارښو
سفرکړ,سفرکړ
سفیره,سفیر
سفینه,سفین
سقطونه,سقط
سلاحیت,سلاحیت
سلاویانڅک,سلاویانڅک
سلایډ,سلایډ
سلدنافیل,سلدنافیل
سلطتني,سلطتن
سلفر,سلفر
سلنټي,سلنټ
سلنډرونو,سلنډر
سلهاو,سلها
سلهټ,سلهټ
سلوا,سلوا
سلوى,سلوى
سلوک,سلوک
سلیمانيه,سلیمانی
سماحت,سماحت
سماعيل,سماعیل
سمباله,سمبال
سمبالوونک,سمبالوونک
سمبرک,سمبرک
سمسورولو,سمسورول
سمندرونو,سمندر
سمه,سم
سمو,سم
سمواډ,سمواډ
سموتریچ,سموتریچ
سمولو,سمول
سموونو,سمو
سمپاتیک,سمپاتیک
سمپسن,سمپسن
سمینار,سمینار
سمیو,سمی
سمیڅونیان,سمیڅون
سناتوریم,سناتوریم
سناده,سناد
سناريوګانو,سناریو
سناریوګان,سناریو
سندرغاړ,سندرغاړ
سندرغاړواونڅاه,سندرغاړواونڅا
سندرغاړي,سندرغاړ
سندروسره,سندروسر
سندرینګهم,سندرینګهم
سندیتون,سندیت
سنسرونوڅخهکار,سنسرونوڅخهکار
سنمګان,سنم
سنو,سن
سنوکر,سنوکر
سنيمة,سنیمة
سنټا,سنټا
سنټرونو,سنټر
سنټوس,سنټوس
سنځل,سنځل
سنډبرګ,سنډبرګ
سنډر,سنډر
سنډیکټ,سنډیکټ
سنګان,سن
سنګاپور,سنګاپور
سنګاکار,سنګاکار
سنګتراش,سنګتراش
سنګجان,سنګج
سنګروال,سنګروال
سنګړه,سنګړ
سنګک,سنګک
سنګیلان,سنګیل
سنگر,سنگر
سنیها,سنیها
سهرابي,سهراب
سهيله,سهیل
سوئټ,سوئټ
سوابي,سواب
سوادګري,سوادګر
سواندی,سواند
سوای,سوا
سوبرامانیان,سوبرامان
سوبه,سوب
سوتزرلنډ,سوتزرلنډ
سوخته,سوخت
سوداګ,سوداګ
سوداګروغوښتي,سوداګروغوښت
سوداګريز,سوداګریز
سوداګريزه,سوداګریز
سوداګريزي,سوداګریز
سوداګری,سوداګر
سوداګریزواړیکو,سوداګریزواړیک
سورجوماتارام,سورجوماتارام
سورس,سورس
سورسترګی,سورستر
سورغمي,سورغم
سوزش,سوزش
سوزولو,سوزول
سوزون,سوز
سوزک,سوزک
سوسي,سوس
سوسیالیستانو,سوسیالیست
سولرونو,سولر
سولوینیا,سولوینیا
سولي,سو
سولیدلي,سولید
سولینګن,سولینګن
سومالی,سوما
سومایه,سومای
سومر,سومر
سونالډ,سونالډ
سونکو,سونک
سونګای,سونګا
سونګون,سونګ
سوونو,سو
سويدي,سوید
سوټا,سوټا
سوپ,سوپ
سوپرجاینټس,سوپرجاینټس
سوپریاټ,سوپریاټ
سوځئ,سوځئ
سوځولی,سوځو
سوځوونکي,سوځو
سوځيدو,سوځید
سوځیدلی,سوځید
سوځیږو,سوځیږ
سوځیږي,سوځیږ
سوچونو,سوچ
سوډان,سوډ
سوډانیان,سوډان
سوډهړ,سوډهړ
سوډیم,سوډیم
سوډیپټو,سوډیپټ
سوکرو,سوکر
سوکوهونکي,سوکوه
سوکړه,سوکړ
سوګند,سوګند
سوګیونو,سوګی
سوڼ,سوڼ
سویتي,سویت
سویسي,سویس
سویفټ,سویفټ
سویني,سوین
سوینګ,سوینګ
سویټزرلینډ,سویټزرلینډ
سویټلانا,سویټلانا
سویډان,سویډ
سویډنی,سویډن
سياسيت,سیاسیت
سيدولي,سیدو
سيريز,سیریز
سيلمان,سیلم
سيلګري,سیلګر
سيمنا,سیمنا
سيند,سیند
سينوسايټ,سینوسایټ
سينوفورم,سینوفورم
سيټمو,سیټم
سيکرټري,سیکرټر
سيکولر,سیکولر
سَاكِنِ,سَاکِنِ
سَوْآتِکُمْ,سَوْآتِکُمْ
سِلْكُهُ,سِلْکُهُ
سټار,سټار
سټاربکز,سټاربکز
سټاروپولي,سټاروپو
سټارټاپ,سټارټاپ
سټافورډ,سټافورډ
سټان,سټ
سټانسبري,سټانسبر
سټاټګرټ,سټاټګرټ
سټاډ,سټاډ
سټاکس,سټاکس
سټاکڼ,سټاکڼ
سټاینز,سټاینز
سټاینینګر,سټاینینګر
سټدیومونو,سټدیوم
سټر,سټر
سټرا,سټرا
سټراتکلايډ,سټراتکلایډ
سټرایټ,سټرایټ
سټرلینګ,سټرلینګ
سټرون,سټر
سټریمینګ,سټریمینګ
سټریو,سټری
سټریټ,سټریټ
سټریټینګ,سټریټینګ
سټریپټوکوکي,سټریپټوکوک
سټفاني,سټفان
سټنر,سټنر
سټنفورډ,سټنفورډ
سټنډرډونه,سټنډرډ
سټنګ,سټنګ
سټورسکوګ,سټورسکوګ
سټورم,سټورم
سټون,سټ
سټونو,سټ
سټونیس,سټونیس
سټوډنټس,سټوډنټس
سټوډيو,سټوډی
سټوډیوز,سټوډیوز
سټوډیوم,سټوډیوم
سټوډیوګان,سټوډیو
سټوډیوګانو,سټوډیو
سټوینیس,سټوینیس
سټيل,سټیل
سټيډیوم,سټیډیوم
سټيګليټز,سټیګلیټز
سټډيوم,سټډیوم
سټډیم,سټډیم
سټډیو,سټډی
سټډیوم,سټډیوم
سټډیومونو,سټډیوم
سټډیوګانو,سټډیو
سټکپول,سټکپول
سټیج,سټیج
سټیجونو,سټیج
سټیر,سټیر
سټیرنګ,سټیرنګ
سټیرینګ,سټیرینګ
سټیزن,سټیزن
سټیفانو,سټیف
سټیفیلوکوکي,سټیفیلوکوک
سټینلیډن,سټینلیډن
سټیو,سټی
سټیوال,سټیوال
سټیډیم,سټیډیم
سټیډیمونه,سټیډیم
سټیکر,سټیکر
سټیګ,سټیګ
سټیګاموټ,سټیګاموټ
سټیګنر,سټیګنر
سپارو,سپار
سپارښتو,سپارښت
سپارښتونه,سپارښت
سپانسرشیپونو,سپانسرشیپ
سپتامبر,سپتامبر
سپرلي,سپر
سپرنا,سپرنا
سپرنګر,سپرنګر
سپلیمینټونه,سپلیمینټ
سپمټمبر,سپمټمبر
سپنو,سپن
سپني,سپن
سپهسالار,سپهسالار
سپورتنګ,سپورتنګ
سپورتونو,سپورت
سپورتځای,سپورتځا
سپورټ,سپورټ
سپورټيان,سپورټ
سپورټی,سپورټ
سپوپر,سپوپر
سپوږم,سپوږم
سپوږميز,سپوږمیز
سپوږمی,سپوږم
سپيڅلی,سپیڅ
سپټامبر,سپټامبر
سپټیمبر,سپټیمبر
سپټیک,سپټیک
سپپټمبر,سپپټمبر
سپکول,سپکول
سپڼسی,سپڼس
سپینږیری,سپینږیر
سپینیږ,سپینیږ
سپیڅل,سپیڅل
سپیڅلی,سپیڅ
سپیډبوټ,سپیډبوټ
سپیګلهالټر,سپیګلهالټر
سچو,سچ
سړ,سړ
سړخون,سړخ
سړغړون,سړغړ
سړوالی,سړ
سړول,سړول
سړى,سړى
سړی,سړ
سړیان,سړ
سړیدو,سړید
سړیو,سړی
سږنی,سږن
سکاتنلډ,سکاتنلډ
سکارلټ,سکارلټ
سکاریه,سکاری
سکالر,سکالر
سکانډیناويا,سکانډیناویا
سکاټلند,سکاټلند
سکاټلنډ,سکاټلنډ
سکاټلنډه,سکاټلنډ
سکاټلنیډ,سکاټلنیډ
سکاټلینډ,سکاټلینډ
سکاډرون,سکاډر
سکتورنه,سکتورن
سکرټچ,سکرټچ
سکریټ,سکریټ
سکندر,سکندر
سکندري,سکندر
سکنډنيويايي,سکنډنیویای
سکنکونه,سکنک
سکواډرون,سکواډر
سکولريزم,سکولریزم
سکپاڼه,سکپاڼ
سکډ,سکډ
سکیټينګ,سکیټینګ
سګرتو,سګرت
سګريټ,سګریټ
سګرټو,سګرټ
سګریټ,سګریټ
سګریټو,سګریټ
سګنالونه,سګنال
سګټور,سګټور
سگریټو,سگریټ
سیاتل,سیاتل
سیارو,سیار
سیارګیو,سیارګی
سیاستو,سیاست
سیاستوال,سیاستوال
سیاسیون,سیاسی
سیاټونو,سیاټ
سیباستین,سیباستین
سیت,سیت
سید,سید
سیداحمد,سیداحمد
سیدامیر,سیدامیر
سیدان,سید
سیدحارث,سیدحارث
سیدحسین,سیدحسین
سیدریس,سیدریس
سیدعزیز,سیدعزیز
سیدوف,سیدوف
سیراټونین,سیراټونین
سیروکاهوي,سیروکاهو
سیزیز,سیزیز
سیستولیک,سیستولیک
سیسلا,سیسلا
سیسټومونه,سیسټوم
سیفیګیټ,سیفیګیټ
سیلا,سیلا
سیلوګان,سیلو
سیلویا,سیلویا
سیمسن,سیمسن
سیميکانډکټر,سیمیکانډکټر
سیميکانډکټرانو,سیمیکانډکټر
سیمکارټونو,سیمکارټ
سیمیان,سیم
سیمیکانډکټرونو,سیمیکانډکټر
سیندل,سیندل
سیندیز,سیندیز
سینماګان,سینما
سینماګران,سینماګر
سینمایی,سینمای
سینو,سین
سینټاګام,سینټاګام
سینټکام,سینټکام
سینډروم,سینډروم
سینکاګو,سینکاګ
سینګارتون,سینګارت
سینګارتونونو,سینګارتون
سینګارتوکو,سینګارتوک
سینګاپوری,سینګاپور
سینګر,سینګر
سیوريو,سیوری
سیویتا,سیویتا
سیټرس,سیټرس
سیټهی,سیټه
سیټي,سیټ
سیپري,سیپر
سیپټمبر,سیپټمبر
سیپټیسیمیک,سیپټیسیمیک
سیډنی,سیډن
سیډینګ,سیډینګ
سیکورټي,سیکورټ
سیګرټ,سیګرټ
سیګرټو,سیګرټ
سییریزونه,سییریز
شاتن,شاتن
شارج,شارج
شارزدافیر,شارزدافیر
شارف,شارف
شاروجان,شاروج
شاریته,شاریت
شاقه,شاق
شالوم,شالوم
شامليږي,شاملیږ
شاملیدلو,شاملیدل
شامپوګان,شامپو
شانهګای,شانهګا
شانډونګ,شانډونګ
شانګري,شانګر
شاهدان,شاهد
شاهدي,شاهد
شاهدیو,شاهدی
شاهين,شاهین
شاهکارونه,شاهکار
شاټحول,شاټحول
شاټګنونو,شاټګن
شاپورځدران,شاپورځدر
شاځلمو,شاځلم
شاړخړا,شاړخړا
شاکونه,شاک
شاګان,شا
شاگردان,شاگرد
شایق,شایق
شبستان,شبست
شبهاتو,شبهات
شبږمه,شبږم
شبږیز,شبږیز
شتلای,شتلا
شتمن,شتمن
شتيږي,شتیږ
شخړمنه,شخړمن
شخړی,شخړ
شخیږي,شخیږ
شدند,شدند
شدیداً,شدیداً
شرابي,شراب
شرارتونه,شرارت
شراف,شراف
شرایانونه,شرایان
شرایطی,شرایط
شرحه,شرح
شرطونه,شرط
شرفتونو,شرفت
شرفي,شرف
شرنګ,شرنګ
شرکتونود,شرکتونود
شریعتي,شریعت
شریفو,شریف
شریکباڼی,شریکباڼ
شعاري,شعار
شعرونه,شعر
شفایت,شفایت
شقاقي,شقاق
شلاش,شلاش
شلوم,شلوم
شلټر,شلټر
شلټرونه,شلټر
شمایل,شمایل
شمرګه,شمرګ
شمس,شمس
شملو,شمل
شمیرو,شمیر
شمیرڅ,شمیرڅ
شمیګل,شمیګل
شناخټي,شناخټ
شنبو,شنب
شنرس,شنرس
شننوکی,شننوک
شنونکی,شن
شنډتوب,شنډ
شنډوالی,شنډ
شنډولو,شنډول
شنګفو,شنګف
شنګهای,شنګها
شهابي,شهاب
شهداوو,شهدا
شهرام,شهرام
شهرستان,شهرست
شهرهای,شهرها
شهزادګ,شهزادګ
شهمامه,شهمام
شهيدان,شهید
شهیدان,شهید
شهین,شهین
شوارز,شوارز
شوانګ,شوانګ
شواک,شواک
شوای,شوا
شوبانکر,شوبانکر
شوراگانو,شوراگ
شورل,شورل
شوري,شور
شوز,شوز
شوقي,شوق
شولتس,شولتس
شولګره,شولګر
شومنګیل,شومنګیل
شومو,شوم
شونو,شون
شونوف,شونوف
شونګنانهای,شونګنانها
شوياو,شویا
شويګو,شویګ
شوټنګ,شوټنګ
شوټینګ,شوټینګ
شوپرکانو,شوپرک
شوړی,شوړ
شوکاڼی,شوکاڼ
شوګیر,شوګیر
شيخان,شیخ
شيرزاد,شیرزاد
شيطانان,شیطان
شيلپي,شیلپ
شټرنګ,شټرنګ
شټوټګارټ,شټوټګارټ
شټګارټ,شټګارټ
شپشت,شپشت
شپولي,شپو
شپږسوه,شپږسو
شپږنيم,شپږنیم
شپږو,شپږ
شپږويشتم,شپږویشتم
شپږویشتم,شپږویشتم
شپږيزه,شپږیز
شپږډوله,شپږډول
شپږکاله,شپږکال
شپږکسان,شپږکس
شپږیز,شپږیز
شپږیزه,شپږیز
شپیتم,شپیتم
شپیږیز,شپیږیز
شځايونو,شځای
شځینه,شځین
شړومب,شړومب
شړومبه,شړومب
شړک,شړک
شړکنده,شړکند
شړی,شړ
شږي,شږ
شږی,شږ
شکرګړ,شکرګړ
شکل,شکل
شکلاو,شکلا
شکنج,شکنج
شکوربایي,شکوربای
شکون,شک
شکونو,شک
شکی,شک
شکیب,شکیب
شکیت,شکیت
شګه,شګ
شیائولین,شیائولین
شیث,شیث
شیخیان,شیخ
شیدي,شید
شیرس,شیرس
شیریف,شیریف
شیریل,شیریل
شیشه,شیش
شیشو,شیش
شیعه,شیع
شیعهګان,شیعه
شیلټون,شیلټ
شیلډګ,شیلډګ
شیمیش,شیمیش
شینډنډ,شینډنډ
شینګان,شین
شیکاګو,شیکاګ
شیکو,شیک
شیګان,شی
شیګن,شیګن
شیی,شی
صابرين,صابرین
صابونونو,صابون
صادرو,صادر
صاف,صاف
صافی,صاف
صالحانو,صالح
صاوي,صاو
صبحرنګ,صبحرنګ
صحراګان,صحرا
صحرای,صحرا
صحن,صحن
صدای,صدا
صدرِ,صدرِ
صدیکوف,صدیکوف
صفر,صفر
صفوفكم,صفوفکم
صفیر,صفیر
صمیمانه,صمیم
صنایع,صنایع
صنصال,صنصال
صنعت,صنعت
صنعتګر,صنعتګر
صنعتګرانو,صنعتګر
صهیب,صهیب
ضربة,ضربة
ضرور,ضرور
ضلع,ضلع
ضمیمه,ضمیم
ضوابط,ضوابط
ضیااحمد,ضیااحمد
ضیاالرحمن,ضیاالرحمن
طاق,طاق
طاقتونه,طاقت
طاقچو,طاقچ
طالبانوپه,طالبانوپ
طایف,طایف
طبقود,طبقود
طبیان,طب
طراحانو,طراح
طریف,طریف
طریفه,طریف
طلسم,طلسم
طلیب,طلیب
طوفاني,طوفان
طيب,طیب
ظاهر,ظاهر
ظاهرآ,ظاهرآ
ظاهري,ظاهر
ظریفانه,ظریف
ظفر,ظفر
عابدیني,عابدین
عادلي,عاد
عادلګیرییف,عادلګیرییف
عارفاف,عارفاف
عارفه,عارف
عاشق,عاشق
عاشوراء,عاشوراء
عاطفه,عاطف
عافیصه,عافیص
عالیقدر,عالیقدر
عام,عام
عامرښکاره,عامرښکار
عاملونه,عامل
عایدلرونکو,عایدلرونک
عبادالله,عبادالل
عبارت,عبارت
عبدالحمد,عبدالحمد
عبدالرووف,عبدالرووف
عبدالسبحان,عبدالسبح
عبدالغفور,عبدالغفور
عبداللهیان,عبدالله
عبدالمظهر,عبدالمظهر
عبوري,عبور
عبيده,عبید
عبیدالله,عبیدالل
عت,عت
عثمانخ,عثمانخ
عثمانوف,عثمانوف
عجله,عجل
عجيبه,عجیب
عدالتغوښتنو,عدالتغوښتن
عدد,عدد
عديل,عدیل
عذره,عذر
عذير,عذیر
عرض,عرض
عرفت,عرفت
عرمون,عرم
عرياني,عریان
عزتونو,عزت
عزل,عزل
عسلو,عسل
عسکري,عسکر
عشر,عشر
عصابو,عصاب
عصار,عصار
عصارد,عصارد
عصريت,عصریت
عصیان,عص
عضب,عضب
عضل,عضل
عظیم,عظیم
عظیمي,عظیم
عفته,عفت
عفوني,عفون
عقلمندي,عقلمند
عقیدو,عقید
عكسوي,عکسو
علاقمندي,علاقمند
علت,علت
عللو,علل
علمی,علم
علوان,علو
عليهم,علیهم
عليکردي,علیکرد
عليکم,علیکم
علیګړ,علیګړ
عمان,عم
عمرا,عمرا
عمراف,عمراف
عمرخوړلی,عمرخوړ
عمرزوی,عمرزو
عمري,عمر
عملیات,عملیات
عملیاتي,عملیات
عمویي,عموی
عنابي,عناب
عنتيبي,عنتیب
عنعناتو,عنعنات
عنوانونو,عنوان
عورتونه,عورت
عوقب,عوقب
عون,عون
عيدمحمد,عیدمحمد
عينک,عینک
عَبْدِهِ,عَبْدِهِ
عَلَيْكُمُ,عَلَیْکُمُ
عَلَی,عَلَ
عُرْفًا,عُرْفًا
عځیدلی,عځید
عیاره,عیار
عیارکړي,عیارکړ
عیدالسلام,عیدالسلام
عیسويانو,عیسو
عیناً,عیناً
غازيانو,غاز
غالیګی,غالی
غاټولي,غاټو
غاړي,غاړ
غاړی,غاړ
غاښی,غا
غایبو,غایب
غبروګون,غبروګ
غبروګونه,غبروګ
غبرګ,غبرګ
غبرګلون,غبرګل
غبرګو,غبرګ
غبرګول,غبرګول
غبرګولي,غبرګو
غبرګولی,غبرګو
غبرګونونونه,غبرګونون
غجمن,غجمن
غدي,غد
غذاګان,غذا
غرختونکي,غرخت
غرضناک,غرضناک
غرضونو,غرض
غرغره,غرغر
غرښوی,غرښو
غریب,غریب
غزال,غزال
غزاګان,غزا
غزنوي,غزنو
غزوه,غزو
غزګی,غز
غزیدل,غزیدل
غصبوي,غصبو
غلامان,غلام
غلاکړای,غلاکړا
غلاګانو,غلا
غلظت,غلظت
غله,غل
غمجنی,غمجن
غمزده,غمزد
غمځپل,غمځپل
غمګ,غمګ
غنډ,غنډ
غنی,غن
غواراوي,غواراو
غوايي,غوای
غواړی,غواړ
غوجلو,غوجل
غوراو,غورا
غورځنګونوایتلاف,غورځنګونوایتلاف
غورځو,غورځ
غورځولای,غورځولا
غورځولی,غورځو
غورځون,غورځ
غورځګ,غورځګ
غورځیدلاي,غورځیدلا
غورځیدلی,غورځید
غورځیدو,غورځید
غوزیو,غوزی
غونج,غونج
غونجو,غونج
غونډی,غونډ
غونښتنه,غونښتن
غوځګړي,غوځګړ
غوڅون,غوڅ
غوڅږل,غوڅږل
غوړ,غوړ
غوړنډ,غوړنډ
غوړولي,غوړو
غوړی,غوړ
غوړیدا,غوړیدا
غوړیدلو,غوړیدل
غوړیدلی,غوړید
غوړیږي,غوړیږ
غوږ,غوږ
غوږیو,غوږی
غوښتل,غوښتل
غوښتلی,غوښت
غوښتنليکونه,غوښتنلیک
غوښتنليکونو,غوښتنلیک
غوښتنن,غوښتنن
غوښتننه,غوښتنن
غوښتنه,غوښتن
غوښتنهډ,غوښتنهډ
غوښتنونکي,غوښتن
غوښتنونکی,غوښتن
غوښتنیکونه,غوښتنیک
غوښتون,غوښت
غوښتونه,غوښت
غوښتونکی,غوښت
غوښتونګو,غوښتونګ
غوښتوونکی,غوښتو
غوښتي,غوښت
غوښه,غوښ
غوښټونکي,غوښټ
غوڼډ,غوڼډ
غي,غي
غيابي,غیاب
غيرمستقيم,غیرمستقیم
غيږي,غیږ
غټوالي,غټ
غځولي,غځو
غځيدل,غځیدل
غځیږي,غځیږ
غړون,غړ
غړپ,غړپ
غړی,غړ
غړیتوب,غړی
غړیود,غړیود
غږشوی,غږشو
غږولی,غږو
غږونه,غږ
غږوونکی,غږو
غږوي,غږو
غږيدلی,غږید
غږی,غږ
غږیده,غږید
غږیږي,غږیږ
غښتلای,غښتلا
غښتلتیا,غښتل
غښتليو,غښتلی
غڼه,غڼ
غیرانتفاعي,غیرانتفاع
غیرطبي,غیرطب
غیرمستقیمه,غیرمستقیم
غیرکډوال,غیرکډوال
غیږنیون,غیږنی
غیږه,غیږ
فابین,فابین
فاتوزو,فاتوز
فارغیدو,فارغید
فارماسيټيکل,فارماسیټیکل
فارمت,فارمت
فارموله,فارمول
فارمټ,فارمټ
فارمکولوژ,فارمکولوژ
فارک,فارک
فاریسټ,فاریسټ
فاسف,فاسف
فاضلابو,فاضلاب
فافمن,فافمن
فالون,فال
فايت,فایت
فاګان,فا
فایبرانټرن,فایبرانټرن
فایز,فایز
فایزه,فایز
فتواوو,فتوا
فجيره,فجیر
فدایانو,فدا
فدراسینونو,فدراسین
فدراي,فدرا
فراغی,فراغ
فرانسویانو,فرانسو
فرانسیوس,فرانسیوس
فرانکفورټر,فرانکفورټر
فرانکي,فرانک
فرانګفورټ,فرانګفورټ
فرانیسس,فرانیسس
فرست,فرست
فرصت,فرصت
فرعوني,فرعون
فرماندهی,فرمانده
فرمول,فرمول
فرنادز,فرنادز
فرنيچر,فرنیچر
فرنټ,فرنټ
فرنټیکس,فرنټیکس
فرنیچر,فرنیچر
فرهنګي,فرهن
فرهنګی,فرهن
فرهنګیان,فرهنګ
فرودوسي,فرودوس
فرونټیکس,فرونټیکس
فريډي,فریډ
فريښت,فریښت
فرډ,فرډ
فرکینګ,فرکینګ
فرګوسن,فرګوسن
فریادونه,فریاد
فریسټون,فریسټ
فریضه,فریض
فریلانسینګ,فریلانسینګ
فریټ,فریټ
فریډبرګ,فریډبرګ
فریډریکا,فریډریکا
فریکو,فریک
فریګمنټس,فریګمنټس
فزیولوژیک,فزیولوژیک
فستيوال,فستیوال
فستیوالونو,فستیوال
فسلطینیان,فسلطین
فسټیوال,فسټیوال
فضیل,فضیل
فعالیتوونو,فعالیتو
فقهاؤ,فقهاؤ
فقيد,فقید
فكر,فکر
فلانی,فلان
فلاوونایډ,فلاوونایډ
فلاوینویډز,فلاوینویډز
فلايټ,فلایټ
فلايټس,فلایټس
فلاګن,فلاګن
فلای,فلا
فلترولو,فلترول
فلزکار,فلزکار
فلمو,فلم
فلمونه,فلم
فلمونو,فلم
فلنعم,فلنعم
فلورایډ,فلورایډ
فلویډ,فلویډ
فلټرنټ,فلټرنټ
فلینګیان,فلینګ
فلیونویډونه,فلیونویډ
فلیکو,فلیک
فلیکوایو,فلیکوای
فمن,فمن
فنتا,فنتا
فنظر,فنظر
فنچر,فنچر
فنډ,فنډ
فنډونو,فنډ
فهریه,فهری
فهيم,فهیم
فوجیرا,فوجیرا
فورد,فورد
فورشیل,فورشیل
فورټونا,فورټونا
فوسفورس,فوسفورس
فوسټر,فوسټر
فوقالعاده,فوقالعاد
فولډ,فولډ
فولکلوریکه,فولکلوریک
فوندایو,فوندای
فوټبالران,فوټبالر
فوټبالراني,فوټبالران
فوټبالرعلي,فوټبالرع
فوټبالرو,فوټبالر
فوټبالي,فوټبا
فوټسال,فوټسال
فوټه,فوټ
فوټپال,فوټپال
فوځيان,فوځ
فوځيډکټيټر,فوځیډکټیټر
فوډان,فوډ
فيروزکوه,فیروزکو
فيصدي,فیصد
فيوزد,فیوزد
فيډرالي,فیډرا
فَإِمَّا,فَإِمَّا
فَتَتَابَعَ,فَتَتَابَعَ
فَلا,فَلا
فُرصتونه,فُرصت
فُوک,فُوک
فټینګ,فټینګ
فډارسیون,فډارسی
فډراسینونه,فډراسین
فډراسیونونو,فډراسیون
فډرال,فډرال
فډرالي,فډرا
فکټورونو,فکټور
فیدرالي,فیدرا
فیدورینوف,فیدورینوف
فیراري,فیرار
فیروزکوه,فیروزکو
فیسبوکي,فیسبوک
فیسوک,فیسوک
فیسټا,فیسټا
فیسټیوال,فیسټیوال
فیصله,فیصل
فیضاني,فیضان
فیلان,فیل
فیلډنګ,فیلډنګ
فیلیپس,فیلیپس
فینټنایل,فینټنایل
فینکسینګ,فینکسینګ
فینګ,فینګ
فینګرپرنټینګ,فینګرپرنټینګ
فینګرپرینټګ,فینګرپرینټګ
فینیکس,فینیکس
فیوژن,فیوژن
فیټون,فیټ
فیډان,فیډ
فیډرال,فیډرال
فیډیلینګ,فیډیلینګ
فیګارو,فیګار
فیګر,فیګر
قائل,قائل
قابلو,قابل
قابلیتونه,قابلیت
قابلیو,قابلی
قافل,قافل
قالیباپ,قالیباپ
قاموس,قاموس
قانت,قانت
قانونا,قانونا
قاني,قان
قاهر,قاهر
قاچاقبران,قاچاقبر
قایدي,قاید
قبائلي,قبائ
قبايلو,قبایل
قبرس,قبرس
قبضول,قبضول
قبلول,قبلول
قبيلوي,قبیلو
قدرتونه,قدرت
قدريه,قدری
قرادادونه,قراداد
قرارادادونه,قراراداد
قرارادونه,قراراد
قرب,قرب
قرقاش,قرقاش
قرم,قرم
قسطنطنی,قسطنطن
قسطونو,قسط
قشله,قشل
قصابانو,قصاب
قصابي,قصاب
قصرا,قصرا
قضاتو,قضات
قطردا,قطردا
قطع,قطع
قطعه,قطع
قطعو,قطع
قعلي,قع
قلات,قلات
قلاغچ,قلاغچ
قلمه,قلم
قلوي,قلو
قنایي,قنای
قهریدلی,قهرید
قواله,قوال
قوانیو,قوانی
قوای,قوا
قوره,قور
قول,قول
قوماندانو,قوماند
قومند,قومند
قونسلیګریو,قونسلیګری
قوړنګل,قوړنګل
قي,قي
قيمتونه,قیمت
قِيَ,قِیَ
قیدوشرط,قیدوشرط
قیراط,قیراط
قیروان,قیرو
قیصری,قیصر
قیصه,قیص
قیمتونه,قیمت
كار,کار
كاملا,کاملا
كبله,کبل
كبير,کبیر
ككړ,ککړ
كلن,کلن
كلها,کلها
كنانة,کنانة
كولاي,کولا
كولو,کول
كومي,کوم
كوونكوټولو,کوونکوټول
كوچني,کوچن
كيسه,کیس
كيږي,کیږ
كَانَتْ,کَانَتْ
كَمَنْ,کَمَنْ
كُتِبَ,کُتِبَ
كُلٌّ,کُلٌّ
كټګيو,کټګی
كړايان,کړا
كړى,کړى
كړيترڅو,کړیترڅ
كښتونه,کښت
لائټننګ,لائټننګ
لابدتر,لابدتر
لابونونو,لابون
لابيل,لابیل
لابيلي,لابی
لابيګر,لابیګر
لاتر,لاتر
لارشته,لارشت
لارواګان,لاروا
لارډ,لارډ
لارښود,لارښود
لارښون,لارښ
لارښوون,لارښو
لارښوونکي,لارښو
لازاریني,لازارین
لاسته,لاست
لاسلک,لاسلک
لاسلیکیږي,لاسلیکیږ
لاسنيو,لاسنی
لاسپوڅی,لاسپوڅ
لاسپیرجیو,لاسپیرجی
لاسګاډي,لاسګاډ
لاغر,لاغر
لافټ,لافټ
لالویټ,لالویټ
لاليګا,لالیګا
لام,لام
لامبووهونک,لامبووهونک
لامسدن,لامسدن
لامپدوزا,لامپدوزا
لاند,لاند
لانداو,لاندا
لاندر,لاندر
لاندریګن,لاندریګن
لانده,لاند
لانسټ,لانسټ
لانډاو,لانډا
لانډو,لانډ
لانګسرود,لانګسرود
لاوډر,لاوډر
لاټر,لاټر
لاټری,لاټر
لاټین,لاټین
لاپياوړتيا,لاپیاوړ
لاپیاوړتیا,لاپیاوړ
لاپیاوړی,لاپیاوړ
لاډلي,لاډ
لاړ,لاړ
لاړه,لاړ
لاړی,لاړ
لاښوون,لاښو
لاګان,لا
لاګاوټ,لاګاوټ
لاګرم,لاګرم
لایفنګ,لایفنګ
لایډ,لایډ
لبسرین,لبسرین
لبنانیانو,لبنان
لبنیات,لبنیات
لتانه,لت
لتره,لتر
لتونپال,لتونپال
لدا,لدا
لدی,لد
لراوبر,لراوبر
لرلید,لرلید
لرونکوانځورونو,لرونکوانځور
لرګی,لر
لزوم,لزوم
لستوڼی,لستوڼ
لسيو,لسی
لسټ,لسټ
لسپي,لسپ
لسګونوهټيو,لسګونوهټی
لسګونوکورن,لسګونوکورن
لسیزونو,لسیز
لطفآ,لطفآ
لغته,لغت
لغړي,لغړ
لغړيانو,لغړ
لغړیان,لغړ
لفظونو,لفظ
لفي,لف
لفټنټ,لفټنټ
لفټینګ,لفټینګ
لقمان,لقم
لكه,لک
للشيخ,للشیخ
لمانځ,لمانځ
لمانځئ,لمانځئ
لمانځغونډه,لمانځغونډ
لمانځغوڼده,لمانځغوڼد
لمانځم,لمانځم
لمانځنه,لمانځن
لمانځی,لمانځ
لمب,لمب
لمر,لمر
لمسوونک,لمسوونک
لمنځونه,لمنځ
لمونځ,لمونځ
لمڅی,لمڅ
لمړيتوب,لمړی
لمړی,لمړ
لمیټډ,لمیټډ
لنډري,لنډر
لنډمهالی,لنډمها
لنډه,لنډ
لنډوالي,لنډ
لنډور,لنډور
لنډون,لنډ
لنډپاري,لنډپار
لنډیز,لنډیز
لنډیو,لنډی
لنډیږي,لنډیږ
لنک,لنک
لنکلن,لنکلن
لنګرخ,لنګرخ
لنګون,لنګ
لنګوټي,لنګوټ
لنید,لنید
لهبیب,لهبیب
لههغه,لههغ
لوئ,لوئ
لواء,لواء
لواړګ,لواړګ
لواړګه,لواړګ
لوبتوکي,لوبتوک
لوبدلشمر,لوبدلشمر
لوبغاړوترمنځ,لوبغاړوترمنځ
لوبغاړي,لوبغاړ
لوبغاړی,لوبغاړ
لوبلړ,لوبلړ
لوبلړيو,لوبلړی
لوبولي,لوبو
لوبيږی,لوبیږ
لوبڅاران,لوبڅار
لوبڅارانو,لوبڅار
لوبډلمشراعلان,لوبډلمشراعل
لوبډلهبه,لوبډلهب
لوبډلی,لوبډ
لوبډه,لوبډ
لوبډو,لوبډ
لوبیدو,لوبید
لوبیږئ,لوبیږئ
لوبیږم,لوبیږم
لوبیږی,لوبیږ
لوجسټيکي,لوجسټیک
لودیدیځ,لودیدیځ
لورا,لورا
لورګان,لور
لوریزو,لوریز
لورینس,لورینس
لوزمور,لوزمور
لوسایل,لوسایل
لوستی,لوست
لوسټیګ,لوسټیګ
لوسیو,لوسی
لوغاړو,لوغاړ
لوفتبروکه,لوفتبروک
لوموړی,لوموړ
لومړ,لومړ
لومړنیو,لومړنی
لومړو,لومړ
لومړيتوب,لومړی
لومړيتوبنو,لومړیتوبن
لومړيتوبونه,لومړیتوب
لومړیتوبونو,لومړیتوب
لون,لون
لوندوالي,لوند
لونګ,لونګ
لووي,لوو
لوټان,لوټ
لوټلو,لوټل
لوټلي,لوټ
لوټلی,لوټ
لوټمارانو,لوټمار
لوټن,لوټن
لوټول,لوټول
لوټینایزینګ,لوټینایزینګ
لوڅه,لوڅ
لوڅي,لوڅ
لوډسپيکرونو,لوډسپیکر
لوډیون,لوډی
لوړترینه,لوړترین
لوړتیا,لوړ
لوړجګوالي,لوړجګ
لوړرتبه,لوړرتب
لوړشی,لوړش
لوړغږونه,لوړغږ
لوړمړیتوب,لوړمړی
لوړوالی,لوړ
لوړولای,لوړولا
لوړونکي,لوړ
لوړپوری,لوړپور
لوړپوړی,لوړپوړ
لوړی,لوړ
لوړیدای,لوړیدا
لوړیدونکو,لوړیدونک
لوږی,لوږ
لوژستيکی,لوژستیک
لوښی,لو
لوښیو,لوښی
لوکاس,لوکاس
لوکزامبورګ,لوکزامبورګ
لوکيميا,لوکیمیا
لوګان,لو
لوګری,لوګر
لوګزمبورګ,لوګزمبورګ
لوګی,لو
لوڼي,لوڼ
لویديځ,لویدیځ
لویديځه,لویدیځ
لویسي,لویس
لوینګسټن,لوینګسټن
لویوګڼ,لویوګڼ
لياري,لیار
ليدلوریو,لیدلوری
ليس,لیس
ليفوني,لیفون
ليلکي,لیلک
ليم,لیم
لينکډين,لینکډین
لينګي,لین
لييم,لییم
ليټر,لیټر
ليټرو,لیټر
ليپټاپ,لیپټاپ
ليځي,لیځ
ليډز,لیډز
ليږلی,لیږ
ليکوالو,لیکوال
ليکونکو,لیکونک
ليکونکی,لیک
ليکوییډ,لیکوییډ
ليګ,لیګ
ليګراف,لیګراف
ليګونو,لیګ
ليگ,لیگ
لِلَّهِ,لِلَّهِ
لَّدُنكَ,لَّدُنکَ
لټوالی,لټ
لټوتنګر,لټوتنګر
لټولو,لټول
لټولی,لټو
لټون,لټ
لټونګر,لټونګر
لټونی,لټون
لټوي,لټو
لپاره,لپار
لپارهوځنډول,لپارهوځنډول
لپټاپونو,لپټاپ
لډن,لډن
لډینګ,لډینګ
لړزانده,لړزاند
لړزول,لړزول
لړزوونکی,لړزو
لړلو,لړل
لړمړنی,لړمړن
لړک,لړک
لږه,لږ
لږو,لږ
لږوالی,لږ
لږي,لږ
لږځواک,لږځواک
لږڅه,لږڅ
لږکیو,لږکی
لږیدل,لږیدل
لږیدلی,لږید
لښکرګاه,لښکرګا
لښکریان,لښکر
لښګرګاه,لښګرګا
لکولي,لکو
لکپاس,لکپاس
لکی,لک
لګامنټونو,لګامنټ
لګرو,لګر
لګولای,لګولا
لګولي,لګو
لګولی,لګو
لګون,لګ
لګوو,لګ
لګوی,لګو
لګيدلی,لګید
لګيدو,لګید
لګيږي,لګیږ
لګښتو,لګښت
لګښتونو,لګښت
لګښونه,لګښ
لګښټ,لګښټ
لګڼو,لګڼ
لګیږي,لګیږ
لګیږی,لګیږ
لڼده,لڼد
لڼډ,لڼډ
لڼډمهاله,لڼډمهال
لی,لی
لیارډه,لیارډ
لیان,لی
لیبرالسیم,لیبرالسیم
لیبیراټي,لیبیراټ
لیتیمو,لیتیم
لیدلوری,لیدلور
لیزا,لیزا
لیسه,لیس
لیسو,لیس
لیسوټو,لیسوټ
لیسټر,لیسټر
لیفوني,لیفون
لیفټ,لیفټ
لیفټینګ,لیفټینګ
لیمفوما,لیمفوما
لینډبرګ,لینډبرګ
لینډرونه,لینډر
لینډزی,لینډز
لینډسي,لینډس
لینډټ,لینډټ
لینکر,لینکر
لینګ,لینګ
لیولسبرګر,لیولسبرګر
لیونارډ,لیونارډ
لیونتوب,لیون
لیونونه,لیون
لیونګسټن,لیونګسټن
لیوهنګ,لیوهنګ
لیویډ,لیویډ
لیټیم,لیټیم
لیپټاپ,لیپټاپ
لیپیډونه,لیپیډ
لیډرش,لیډرش
لیږدو,لیږد
لیږدولي,لیږدو
لیږدون,لیږد
لیږدونکو,لیږدونک
لیږدوونکی,لیږدو
لیږلو,لیږل
لیږو,لیږ
لیکدړه,لیکدړ
لیکله,لیکل
لیګانډ,لیګانډ
لیګرام,لیګرام
لیګونه,لیګ
لیګونو,لیګ
لیګډ,لیګډ
مؤقت,مؤقت
مؤلدین,مؤلدین
ما,ما
ماتحتو,ماتحت
ماتو,مات
ماتي,مات
ماتیږي,ماتیږ
ماجیسکي,ماجیسک
ماخُلقَ,ماخُلقَ
مادوشنکا,مادوشنکا
مادیار,مادیار
مارالاګو,مارالاګ
مارتل,مارتل
مارتینز,مارتینز
مارشال,مارشال
مارشونو,مارش
مارلاګو,مارلاګ
مارنیوس,مارنیوس
مارټينا,مارټینا
مارټینلي,مارټین
مارکيټ,مارکیټ
مارکی,مارک
مارکیټنګ,مارکیټنګ
مارکیټینګ,مارکیټینګ
مارګریټ,مارګریټ
مارګنیټ,مارګنیټ
مارګوټ,مارګوټ
مارګیټ,مارګیټ
ماریس,ماریس
مارینا,مارینا
مازديګر,مازدیګر
مازدیګره,مازدیګر
مازغه,مازغ
ماسور,ماسور
ماسټرپلان,ماسټرپل
ماسپښین,ماسپښین
ماشاءالله,ماشاءالل
ماشتو,ماشت
ماشوما,ماشوما
ماشومو,ماشوم
ماشينه,ماشین
ماشینګڼ,ماشینګڼ
ماشینګڼو,ماشینګڼ
مالدوا,مالدوا
مالمنجک,مالمنجک
مالي,ما
مالِ,مالِ
مالټو,مالټ
مالیار,مالیار
مالیه,مالی
مالیکولونه,مالیکول
مامورینو,مامورین
ماموګرام,ماموګرام
مانزانارس,مانزانارس
مانسفیلد,مانسفیلد
مانویلا,مانویلا
مانچا,مانچا
مانډیویل,مانډیویل
مانیس,مانیس
مانیټورینګ,مانیټورینګ
ماټلی,ماټ
ماټيس,ماټیس
ماپښين,ماپښین
ماپښین,ماپښین
ماچادو,ماچاد
ماډلینګ,ماډلینګ
ماډیسون,ماډیس
ماړه,ماړ
ماښامنیو,ماښامنی
ماښامی,ماښام
ماګورا,ماګورا
ماڼ,ماڼ
ماڼوګان,ماڼو
ماڼوګی,ماڼو
ماڼی,ماڼ
مایمي,مایم
مایننګ,مایننګ
ماینډفولنیس,ماینډفولنیس
ماینکرفت,ماینکرفت
مایوتسه,مایوتس
مایوکارډایټس,مایوکارډایټس
مایټوکونډریال,مایټوکونډریال
مایکروسکوفي,مایکروسکوف
مایکروفلور,مایکروفلور
مایکروویو,مایکرووی
مبادلاتو,مبادلات
مبایلونه,مبایل
مبصرینو,مبصرین
مبعوث,مبعوث
مبین,مبین
متاثروي,متاثرو
متامفتام,متامفتام
متحدين,متحدین
متحرک,متحرک
متخصصينو,متخصصین
متدين,متدین
مترمربع,مترمربع
متشبیثینو,متشبیثین
متعاصبي,متعاصب
متعصب,متعصب
متفاوتي,متفاوت
متقاعدينو,متقاعدین
متلاشی,متلاش
متمدنو,متمدن
متنونو,متن
متیوز,متیوز
مثقاله,مثقال
مثلثاتو,مثلثات
مجبوریږ,مجبوریږ
مجتبا,مجتبا
مجردتوب,مجرد
مجروحاو,مجروحا
مجمع,مجمع
مجوس,مجوس
محبوبيت,محبوبیت
محتاطه,محتاط
محتطانه,محتط
محرومو,محروم
محسودو,محسود
محسوسوي,محسوسو
محصيلين,محصیلین
محلی,مح
محمدخالد,محمدخالد
محمدزي,محمدز
محمدش,محمدش
محمدصلاح,محمدصلاح
محمدي,محمد
محمود,محمود
محور,محور
محیالدین,محیالدین
محیط,محیط
محیطه,محیط
مخابر,مخابر
مخاطبین,مخاطبین
مخالف,مخالف
مخالفان,مخالف
مخالفته,مخالفت
مخباراتو,مخبارات
مخروطو,مخروط
مخصوصآ,مخصوصآ
مخطوطه,مخطوط
مخنوي,مخنو
مخنیوړی,مخنیوړ
مخونه,مخ
مخکنيو,مخکنی
مخکينيو,مخکینی
مخکښان,مخکښ
مخکښتوب,مخکښ
مخکښو,مخکښ
مدافعينو,مدافعین
مدافعینو,مدافعین
مدراش,مدراش
مدعي,مدع
مدعیانو,مدع
مدغمه,مدغم
مدن,مدن
مدورو,مدور
مدوشان,مدوش
مدوګل,مدوګل
مدویدوف,مدویدوف
مدګي,مد
مدیر,مدیر
مذکراتو,مذکرات
مراجعو,مراجع
مراحلو,مراحل
مراسیمو,مراسیم
مراعتوونکي,مراعتو
مراعتیږي,مراعتیږ
مرافع,مرافع
مراقبتونه,مراقبت
مرال,مرال
مراهټي,مراهټ
مراټهي,مراټه
مربوطاتو,مربوطات
مربوطو,مربوط
مربیتوب,مربی
مرتکبینو,مرتکبین
مرجعیون,مرجعی
مرحلي,مرح
مرخيړي,مرخیړ
مرخیړی,مرخیړ
مرداري,مردار
مرستن,مرستن
مرستهسيګار,مرستهسیګار
مرستو,مرست
مرسر,مرسر
مرسیتال,مرسیتال
مرصع,مرصع
مرغدار,مرغدار
مرغو,مرغ
مرغيو,مرغی
مركزي,مرکز
مرميو,مرمی
مرمیوو,مرمی
مرهټیان,مرهټ
مروړو,مروړ
مرکاوای,مرکاوا
مرکل,مرکل
مرګانی,مرګان
مرګونه,مرګ
مرګونی,مرګون
مرګژوبلو,مرګژوبل
مریضانو,مریض
مریی,مری
مزارک,مزارک
مزودر,مزودر
مزکرات,مزکرات
مزی,مز
مسؤلین,مسؤلین
مسؤولیت,مسؤولیت
مسئلي,مسئ
مسائيل,مسائیل
مسابق,مسابق
مساحت,مساحت
مساعدیدلو,مساعدیدل
مساعدیدو,مساعدید
مساغ,مساغ
مسافرتي,مسافرت
مسالو,مسال
مساپر,مساپر
مستعارنوم,مستعارنوم
مستعمار,مستعمار
مستندسازي,مستندساز
مستو,مست
مسخره,مسخر
مسل,مسل
مسلح,مسلح
مسلسل,مسلسل
مسلوپه,مسلوپ
مسلک,مسلک
مسوول,مسوول
مسوولیونو,مسوولی
مسټ,مسټ
مسټر,مسټر
مسکل,مسکل
مسکوني,مسکون
مسکین,مسکین
مسیحیانو,مسیح
مسیحیت,مسیحیت
مسیسي,مسیس
مشارکتونه,مشارکت
مشارکتي,مشارکت
مشاع,مشاع
مشاوریت,مشاوریت
مشراندري,مشراندر
مشرفیلډ,مشرفیلډ
مشرمصطفی,مشرمصطف
مشروب,مشروب
مشکواة,مشکواة
مشیګان,مشی
مصرفيږي,مصرفیږ
مصروفيت,مصروفیت
مصرک,مصرک
مصطفیزور,مصطفیزور
مصلحتونه,مصلحت
مصنوعي,مصنوع
مصوده,مصود
مصوونيت,مصوونیت
مصيبتونو,مصیبت
مضاربت,مضاربت
مضره,مضر
مطلبونه,مطلب
مظبوط,مظبوط
مظفر,مظفر
مظفرګړ,مظفرګړ
مظلومو,مظلوم
معادنونه,معادن
معاف,معاف
معاینو,معاین
معتبره,معتبر
معترضه,معترض
معترضوښځو,معترضوښځ
معجزه,معجز
معدنونو,معدن
معدنیات,معدنیات
معذوري,معذور
معرض,معرض
معزز,معزز
معسود,معسود
معصومیت,معصومیت
معقوله,معقول
معقولي,معقو
معلولات,معلولات
معلوله,معلول
معلومات,معلومات
معلوماتی,معلومات
معمولآ,معمولآ
معنادار,معنادار
معناداره,معنادار
معنالرونک,معنالرونک
معناګان,معنا
معياري,معیار
معينانو,معین
معیشتي,معیشت
معین,معین
معیننيت,معیننیت
مغارو,مغار
مغاز,مغاز
مغزنوو,مغزن
مغلستان,مغلست
مفاصلو,مفاصل
مفاهيمو,مفاهیم
مفاټيک,مفاټیک
مفهوم,مفهوم
مقابله,مقابل
مقابلو,مقابل
مقانه,مق
مقایس,مقایس
مقبل,مقبل
مقتضایات,مقتضایات
مقدمو,مقدم
مقررول,مقررول
مقصودلو,مقصودل
مقناطیس,مقناطیس
مقوي,مقو
مقيد,مقید
مك,مك
ملاتړ,ملاتړ
ملاتړبریالی,ملاتړبریا
ملاتړغوښتنه,ملاتړغوښتن
ملاتړفعالان,ملاتړفعال
ملاتړلري,ملاتړلر
ملاتړوکړي,ملاتړوکړ
ملاتړي,ملاتړ
ملاتړپه,ملاتړپ
ملاتړکولای,ملاتړکولا
ملاتړکوونکی,ملاتړ
ملاتړکړی,ملاتړکړ
ملاتړی,ملاتړ
ملاخ,ملاخ
ملاو,ملا
ملاټړ,ملاټړ
ملاټړي,ملاټړ
ملتپال,ملتپال
ملحوظات,ملحوظات
ملخانو,ملخ
ملكي,ملک
ملل,ملل
ملنډ,ملنډ
ملنډی,ملنډ
ملنګزی,ملنګز
ملویانګر,ملویانګر
مليلوبډل,ملیلوبډل
ملکیتونه,ملکیت
ملګرتوب,ملګر
ملګرتیاوو,ملګرتیا
ملګروملتو,ملګروملت
ملګروملتونود,ملګروملتونود
ملګرونو,ملګر
ملګروکلتونو,ملګروکلت
ملګړي,ملګړ
ملگرو,ملگر
ملگری,ملگر
ملیادره,ملیادر
ملیاردرانو,ملیاردر
ملیاردونو,ملیارد
ملیارډ,ملیارډ
ملیارډران,ملیارډر
ملیونونو,ملیون
ملیکوف,ملیکوف
ممالک,ممالک
ممتاز,ممتاز
ممپلیو,ممپلی
مناسبت,مناسبت
مناور,مناور
منبیج,منبیج
منجبار,منجبار
منحلول,منحلول
منخګړتوب,منخګړ
مند,مند
مندلسون,مندلس
منسوبیو,منسوبی
منسوبیږي,منسوبیږ
منسټر,منسټر
منظمو,منظم
منعکساوه,منعکساو
منعکسوونک,منعکسوونک
منقطع,منقطع
مننه,منن
منهدرا,منهدرا
منون,من
منيبه,منیب
منټجک,منټجک
منځلارو,منځلار
منځلاريتوب,منځلاری
منځنی,منځن
منځنیوښونځیو,منځنیوښونځی
منځو,منځ
منځپانګ,منځپانګ
منځپانګه,منځپانګ
منځپانګو,منځپانګ
منځپوړی,منځپوړ
منځکړتوب,منځکړ
منځکړي,منځکړ
منځکړی,منځکړ
منځکړیتوب,منځکړی
منځګرتوب,منځګر
منځګړ,منځګړ
منځګړتیوب,منځګړتیوب
منځګړو,منځګړ
منځګړي,منځګړ
منځګړيتوب,منځګړی
منځګړی,منځګړ
منځګړیتوب,منځګړی
منځګړیتوبه,منځګړیتوب
منځګړیتوبونو,منځګړیتوب
منځګړیو,منځګړی
منڅګړییتوب,منڅګړیی
منډال,منډال
منډی,منډ
منډیګک,منډیګک
منښته,منښت
منکل,منکل
منکډ,منکډ
منګوج,منګوج
منګوچار,منګوچار
منګړیت,منګړیت
منګی,من
منګیستو,منګیست
منیزه,منیز
منیژ,منیژ
مهاتما,مهاتما
مهاروي,مهارو
مهاشټرا,مهاشټرا
مهالونو,مهال
مهدا,مهدا
مهذب,مهذب
مهرالدين,مهرالدین
مهرالدین,مهرالدین
مهرالله,مهرالل
مهرګان,مهر
مهفر,مهفر
مهمي,مهم
مهی,مه
موادوسره,موادوسر
موازنه,موازن
موازین,موازین
مواق,مواق
موبایل,موبایل
موتای,موتا
موته,موت
موتړان,موتړ
موجب,موجب
موجودات,موجودات
موجودانو,موجود
مور,مور
مورالیتي,مورالیت
مورای,مورا
مورلو,مورل
مورګان,مور
مورګانته,مورګانت
مورګولف,مورګولف
موریتس,موریتس
موریلو,موریل
مورینګا,مورینګا
موز,موز
موسمه,موسم
موسیالا,موسیالا
موسیقئ,موسیقئ
موضوعګان,موضوع
موطا,موطا
موفقانه,موفق
موقعه,موقع
موقعیتونه,موقعیت
مولوتوف,مولوتوف
مولوټوف,مولوټوف
مومز,مومز
مومنان,مومن
مومندره,مومندر
مومنټ,مومنټ
مومګارډ,مومګارډ
مونث,مونث
مونخ,مونخ
موندراګون,موندراګ
موندلو,موندل
مونوپیراویر,مونوپیراویر
مونيکا,مونیکا
مونټګومري,مونټګومر
مونټینیګرو,مونټینیګر
مونکټن,مونکټن
مونګونشاغای,مونګونشاغا
موهنګ,موهنګ
مويتای,مویتا
موټرس,موټرس
موټرسايکل,موټرسایکل
موټرسایکال,موټرسایکال
موټرسایکلونه,موټرسایکل
موټرهم,موټرهم
موټروانان,موټروان
موټروی,موټرو
موټرځغلون,موټرځغل
موټرچلون,موټرچل
موټرچلوونکی,موټرچلو
موټزفیلډ,موټزفیلډ
موټزفیلډټ,موټزفیلډټ
موټړ,موټړ
موټړوصنعت,موټړوصنعت
موټی,موټ
موږترکمنستان,موږترکمنست
موږځين,موږځین
موږکان,موږک
موکراتانو,موکرات
موکراټان,موکراټ
موګا,موګا
موګد,موګد
موګیرني,موګیرن
مياشته,میاشت
ميتودونو,میتود
ميخان,میخ
ميخانيکي,میخانیک
ميرانشاه,میرانشا
ميشتو,میشت
مينه,مین
مينځلی,مینځ
مينځني,مینځن
ميټابوليک,میټابولیک
ميټرو,میټر
ميکانيزمونه,میکانیزم
ميګاواټه,میګاواټ
مَالًا,مَالًا
مَعَهُ,مَعَهُ
مُبِينًا,مُبِینًا
مُطلب,مُطلب
مُعَاذِ,مُعَاذِ
مُهر,مُهر
مِنْهُمْ,مِنْهُمْ
مُّبِينٍ,مُّبِینٍ
مټاخان,مټاخ
مټرن,مټرن
مټه,مټ
مځکی,مځک
مچس,مچس
مډ,مډ
مډالاحمد,مډالاحمد
مډرنه,مډرن
مډګاسکر,مډګاسکر
مړانه,مړ
مړستون,مړست
مړل,مړل
مړوو,مړ
مړينه,مړین
مړينو,مړین
مړپه,مړپ
مړښت,مړښت
مړکيږي,مړکیږ
مړی,مړ
مږان,مږ
مکاتبه,مکاتب
مکارټني,مکارټن
مکبرایډ,مکبرایډ
مکخښ,مکخښ
مکراتيکو,مکراتیک
مکربات,مکربات
مکزیکي,مکزیک
مکسیموس,مکسیموس
مکسیکویي,مکسیکوی
مکفول,مکفول
مکلا,مکلا
مکلفیتونه,مکلفیت
مکلیوډګنج,مکلیوډګنج
مکني,مکن
مککولم,مککولم
مکګورک,مکګورک
مګړ,مګړ
مګړتیا,مګړ
مګړو,مګړ
مگانتارا,مگانتارا
مڼځه,مڼځ
مڼډو,مڼډ
میاخیل,میاخیل
میازاوا,میازاوا
میانشین,میانشین
میانځګړو,میانځګړ
میاول,میاول
میاګل,میاګل
میاګي,میا
میاڼي,میاڼ
میتري,میتر
میخانيکي,میخانیک
میدان,مید
میداونو,میدا
میدنسکي,میدنسک
میر,میر
میرال,میرال
میرانزي,میرانز
میراژ,میراژ
میرحمزه,میرحمز
میرزاګل,میرزاګل
میرسیر,میرسیر
میرعلی,میرع
میرمنو,میرمن
میرود,میرود
میرټ,میرټ
میزایلونه,میزایل
میس,میس
میستيوس,میستیوس
میعادفر,میعادفر
میفپرسیتون,میفپرسیت
میلا,میلا
میلز,میلز
میلو,میل
میلک,میلک
میلیاردو,میلیارد
میلیاردونه,میلیارد
میلیټري,میلیټر
میمن,میمن
مینارونو,مینار
میناکه,میناک
میندواره,میندوار
میندوراه,میندورا
مینرالونه,مینرال
مینوپار,مینوپار
مینټن,مینټن
مینځلی,مینځ
مینځني,مینځن
مینځنی,مینځن
مینځونک,مینځونک
مینځپانګ,مینځپانګ
مینځپانګه,مینځپانګ
مینځکړي,مینځکړ
مینکي,مینک
مینیسوټا,مینیسوټا
مینیسټ,مینیسټ
میوندوال,میوندوال
میټره,میټر
میټروپولیټن,میټروپولیټن
میټروپولیټین,میټروپولیټین
میټل,میټل
میټينګونه,میټینګ
میټینګونه,میټینګ
میډل,میډل
میډلټن,میډلټن
میډلټون,میډلټ
میډلینګ,میډلینګ
میډوري,میډور
میډټاون,میډټا
میډیل,میډیل
میړنی,میړن
میړه,میړ
میړوښ,میړوښ
میږي,میږ
میږیو,میږی
میکانیزمونو,میکانیزم
میکسویل,میکسویل
میکیلسن,میکیلسن
میګالیه,میګالی
میګاهرټزه,میګاهرټز
میګاواټه,میګاواټ
میګاولټ,میګاولټ
میګاولټه,میګاولټ
نؤلم,نؤلم
ناارام,ناارام
ناارامو,ناارام
ناانصافه,ناانصاف
ناانډول,ناانډول
نااوکراییني,نااوکرایین
نااُم,نااُم
نااړونده,نااړوند
ناترسیو,ناترسی
ناتو,نات
ناخالصو,ناخالص
ناخونګیر,ناخونګیر
نارابین,نارابین
ناراضیتوب,ناراضی
نارسانو,نارس
ناروغاونو,ناروغا
ناروغن,ناروغن
ناروښانتیا,ناروښان
نارډ,نارډ
ناسوبتیا,ناسوب
ناسوځ,ناسوځ
ناسوځيدلي,ناسوځید
ناسوځیدلی,ناسوځید
ناسیونالزم,ناسیونالزم
ناسیونالیزم,ناسیونالیزم
ناغوښتی,ناغوښت
نافذوو,نافذ
نافظ,نافظ
ناقونونه,ناقون
نالایق,نالایق
ناما,ناما
نامانګان,نامان
نامرده,نامرد
نامولانتا,نامولانتا
نانځکه,نانځک
ناهواره,ناهوار
ناهيل,ناهیل
ناهټا,ناهټا
ناواتیم,ناواتیم
ناورين,ناورین
ناورینونو,ناورین
ناولي,ناو
ناوه,ناو
ناویلي,ناوی
ناييانو,نای
ناټس,ناټس
ناټو,ناټ
ناټوغړو,ناټوغړ
ناپامي,ناپام
ناپایداره,ناپایدار
ناپیلتوب,ناپیل
ناپیلو,ناپیل
ناځوان,ناځو
ناڅاپي,ناڅاپ
ناڅرګنتیا,ناڅرګن
ناڅرګندتيا,ناڅرګند
ناڅرګندتیا,ناڅرګند
ناڅرګنده,ناڅرګند
ناڅرګندو,ناڅرګند
ناڅرګندوسرغړونود,ناڅرګندوسرغړونود
ناڅرګندونو,ناڅرګند
ناڅه,ناڅ
ناڅیزو,ناڅیز
ناچاودو,ناچاود
ناړ,ناړ
ناکامه,ناکام
ناکنګل,ناکنګل
ناګرګوټ,ناګرګوټ
ناګلزمان,ناګلزم
ناګټس,ناګټس
نایاب,نایاب
نایار,نایار
نایجر,نایجر
نایدیس,نایدیس
نایمخن,نایمخن
نایټر,نایټر
نایټرایډرز,نایټرایډرز
نتنیاهوهڅه,نتنیاهوهڅ
نتینل,نتینل
نثر,نثر
نثري,نثر
نجارا,نجارا
نجاست,نجاست
نجمن,نجمن
نجنو,نجن
نجه,نج
نجو,نج
نجوګونا,نجوګونا
نجیبه,نجیب
نخبګان,نخب
نخبګانو,نخب
ندارګان,ندار
ندرور,ندرور
ندلي,ند
ندوکو,ندوک
ندوی,ندو
نذر,نذر
نذیرد,نذیرد
نرخنام,نرخنام
نرسالاره,نرسالار
نرسان,نرس
نرسنګ,نرسنګ
نرښځ,نرښځ
نرښځي,نرښځ
نرښځيو,نرښځی
نرښځی,نرښځ
نرښځیان,نرښځ
نرښځیانو,نرښځ
نساجي,نساج
نسایي,نسای
نسبتآ,نسبتآ
نسخهء,نسخهء
نسس,نسس
نسق,نسق
نسمه,نسم
نسټاګرام,نسټاګرام
نسټګرام,نسټګرام
نسټیټیوټ,نسټیټیوټ
نشأ,نشأ
نشانکا,نشانکا
نشته,نشت
نشروي,نشرو
نشرکړل,نشرکړل
نشیګرام,نشیګرام
نصاب,نصاب
نصار,نصار
نصبولی,نصبو
نصرالدینوف,نصرالدینوف
نصیرزاده,نصیرزاد
نظاميان,نظام
نظاميڅانګو,نظامیڅانګ
نظرياتي,نظریات
نظرپوښتنه,نظرپوښتن
نظمه,نظم
نظیمو,نظیم
نعماني,نعمان
نعمانیه,نعمانی
نعوذ,نعوذ
نعیميوايي,نعیمیوای
نغلل,نغلل
نغمه,نغم
نغنه,نغن
نغښتی,نغښت
نفاظ,نفاظ
نفخ,نفخ
نفود,نفود
نفوړذ,نفوړذ
نقاشان,نقاش
نقده,نقد
نقدولو,نقدول
نقشبند,نقشبند
نلرونکو,نلرونک
نللیکو,نللیک
نلک,نلک
نمانځغونډ,نمانځغونډ
نمانځغونډه,نمانځغونډ
نمانځلي,نمانځ
نمانځنه,نمانځن
نمانځونډ,نمانځونډ
نماو,نما
نماځغونډه,نماځغونډ
نماځلو,نماځل
نماځلی,نماځ
نماګان,نما
نمایشنامو,نمایشنام
نمنګان,نمن
نموده,نمود
نمیګړتیاو,نمیګړتیا
نندارمي,نندارم
نندراتونونو,نندراتون
نننيو,نننی
نننی,ننن
ننوتلی,ننوت
ننکرهار,ننکرهار
ننګرهاريان,ننګرهار
ننګرهاریان,ننګرهار
ننګز,ننګز
ننګه,ننګ
ننګون,ننګ
ننګونو,ننګ
ننګونکو,ننګونک
ننګونکيلاملونه,ننګونکیلامل
ننګونکی,ننګ
ننګوول,ننګوول
ننګوون,ننګو
ننګوونکي,ننګو
ننګيال,ننګیال
ننګی,نن
ننګیالی,ننګیا
ننگونو,ننگ
نهان,نه
نهایت,نهایت
نهشي,نهش
نهنګان,نهن
نهنګانولومړنی,نهنګانولومړن
نهنګنانو,نهنګن
نهو,نه
نهيل,نهیل
نوئل,نوئل
نواده,نواد
نواري,نوار
نوارټیس,نوارټیس
نوامبر,نوامبر
نوانیډو,نوانیډ
نوبهار,نوبهار
نوت,نوت
نوترد,نوترد
نورماګومیدوف,نورماګومیدوف
نورمحمدخان,نورمحمدخ
نورنګ,نورنګ
نوره,نور
نوروغړو,نوروغړ
نوروهیوادونو,نوروهیواد
نوريني,نورین
نورټر,نورټر
نورډیر,نورډیر
نورګرو,نورګر
نوسټک,نوسټک
نوعه,نوع
نولان,نول
نولومړی,نولومړ
نوماوه,نوماو
نوملړونو,نوملړ
نومومنه,نومومن
نوموموړی,نوموموړ
نومونه,نوم
نوموړل,نوموړل
نوموړيوویل,نوموړیوویل
نوموړړی,نوموړړ
نومړی,نومړ
نومیږي,نومیږ
نونه,نون
نونو,نون
نونګ,نونګ
نونیټون,نونیټ
نووالحق,نووالحق
نووسیبرسک,نووسیبرسک
نوټرډام,نوټرډام
نوټیفیک,نوټیفیک
نوپازه,نوپاز
نوډل,نوډل
نوښته,نوښت
نوښتي,نوښت
نوښتګر,نوښتګر
نوښتګرانه,نوښتګر
نوښتګرو,نوښتګر
نوښټ,نوښټ
نوکران,نوکر
نوکره,نوکر
نوګيرا,نوګیرا
نوین,نوین
نویو,نوی
نویډا,نویډا
نيال,نیال
نيالګو,نیالګ
نيمي,نیم
نيمګړتيا,نیمګړ
نيمګړتياو,نیمګړتیا
نيمګړي,نیمګړ
نيډ,نیډ
نيکولاس,نیکولاس
نيګيف,نیګیف
نَحْنُ,نَحْنُ
نَحْوَ,نَحْوَ
نټاګون,نټاګ
نټربیري,نټربیر
نټري,نټر
نټه,نټ
نټون,نټ
نټي,نټ
نپیال,نپیال
نځم,نځم
نځورونو,نځور
نڅاخون,نڅاخ
نڅاښود,نڅاښود
نڅاګر,نڅاګر
نڅاګرو,نڅاګر
نڅوي,نڅو
نچرز,نچرز
نډریا,نډریا
نډسټروم,نډسټروم
نډنټ,نډنټ
نډِس,نډِس
نډی,نډ
نړبوال,نړبوال
نړولی,نړو
نړون,نړ
نړویوال,نړویوال
نړيوالو,نړیوال
نړی,نړ
نړیدل,نړیدل
نړیدلو,نړیدل
نړیدلي,نړید
نړیوالتوب,نړیوال
نړیواله,نړیوال
نړیوالی,نړی
نړیوړال,نړیوړال
نړیړوالو,نړیړوال
نږدو,نږد
نږدي,نږد
نږديکت,نږدیکت
نږدی,نږد
نژدیتوب,نژدی
نښان,نښ
نښتو,نښت
نښتي,نښت
نښلولو,نښلول
نښلولي,نښلو
نښلولی,نښلو
نښلون,نښل
نښلونکو,نښلونک
نښلوونکي,نښلو
نښلوي,نښلو
نښلیدل,نښلیدل
نښنو,نښن
نښه,نښ
نښودی,نښود
نښټه,نښټ
نښټو,نښټ
نښی,نښ
نکاتو,نکات
نکولاس,نکولاس
نکوي,نکو
نکړ,نکړ
نکړئ,نکړئ
نکړای,نکړا
نکړه,نکړ
نګارډ,نګارډ
نګال,نګال
نګاه,نګا
نګاو,نګا
نګایټس,نګایټس
نګبان,نګب
نګرکوټ,نګرکوټ
نګزلي,نګز
نګسټر,نګسټر
نګشیان,نګش
نګلتیاوو,نګلتیا
نګلنډ,نګلنډ
نګهم,نګهم
نګوراني,نګوران
نګورنو,نګورن
نګوره,نګور
نګوښ,نګوښ
نګټن,نګټن
نګټون,نګټ
نګډم,نګډم
نګړه,نګړ
نګښټ,نګښټ
نګکار,نګکار
نګیان,نګ
نګینه,نګین
نګیډي,نګیډ
نیازي,نیاز
نیازیو,نیازی
نیالګ,نیالګ
نیالګو,نیالګ
نیالګی,نیال
نیاګان,نیا
نیاګیو,نیاګی
نیروهای,نیروها
نیسکانکا,نیسکانکا
نیمرزو,نیمرز
نیمګرتیا,نیمګر
نیمګړتيا,نیمګړ
نیمګړتياوي,نیمګړتیاو
نیمګړتیا,نیمګړ
نیمګړتیاو,نیمګړتیا
نیمګړتیاووته,نیمګړتیاووت
نیمګړتیاوي,نیمګړتیاو
نیمګړو,نیمګړ
نیمګړی,نیمګړ
نیواکګر,نیواکګر
نیوزلنیډ,نیوزلنیډ
نیوزيلانډ,نیوزیلانډ
نیولو,نیول
نیولواو,نیولوا
نیومونیا,نیومونیا
نیومونیک,نیومونیک
نیونو,نی
نیوونکو,نیوونک
نیوټرل,نیوټرل
نیوډا,نیوډا
نیوکهولسمشر,نیوکهولسمشر
نیوګینټ,نیوګینټ
نیویارکرسټرایکرز,نیویارکرسټرایکرز
نیډي,نیډ
نیښونو,نیښ
نیکاراګو,نیکاراګ
نیکمرغ,نیکمرغ
نیکو,نیک
نیکپای,نیکپا
هادریک,هادریک
هارشا,هارشا
هارمونونو,هارمون
هاروډ,هاروډ
هارډویر,هارډویر
هارډي,هارډ
هارډینګ,هارډینګ
هارینګټن,هارینګټن
هازلووډ,هازلووډ
هاسارنګه,هاسارنګ
هاشټګ,هاشټګ
هاله,هال
هالیوود,هالیوود
هاندانجیک,هاندانجیک
هانز,هانز
هانټ,هانټ
هانټر,هانټر
هانګ,هانګ
هاور,هاور
هاوسونو,هاوس
هاګر,هاګر
هاګسټاین,هاګسټاین
هاګوارټز,هاګوارټز
هایبریډ,هایبریډ
هایسین,هایسین
هاینډ,هاینډ
هایه,های
هایټي,هایټ
هایډروکوډون,هایډروکوډ
هایډلبرګ,هایډلبرګ
هبلین,هبلین
هبیټات,هبیټات
هدتاوتریخوالي,هدتاوتریخ
هدربار,هدربار
هدفمنده,هدفمند
هدفي,هدف
هراقدام,هراقدام
هراړخ,هراړخ
هراړخيز,هراړخیز
هرناندز,هرناندز
هرناندوز,هرناندوز
هرندي,هرند
هرومره,هرومر
هرومونونو,هرومون
هرټربینډ,هرټربینډ
هرټفورډشیر,هرټفورډشیر
هرپښتون,هرپښت
هرځای,هرځا
هرځلي,هرځ
هرڅنګه,هرڅنګ
هرڅومره,هرڅومر
هرچاته,هرچات
هرکړه,هرکړ
هریشکیش,هریشکیش
هرینګټون,هرینګټ
هزار,هزار
هزري,هزر
هسارنګا,هسارنګا
هستوګنو,هستوګن
هستوګني,هستوګن
هستوګنځ,هستوګنځ
هستوګنځای,هستوګنځا
هستوګنځیو,هستوګنځی
هسو,هس
هسټوریکل,هسټوریکل
هشانا,هشانا
هشټګ,هشټګ
هشټګونه,هشټګ
هضمي,هضم
هغمږ,هغمږ
هغوملایانو,هغوملا
هفه,هف
هلمټ,هلمټ
هما,هما
همالته,همالت
همام,همام
همد,همد
همداس,همداس
همدشان,همدش
همدوى,همدوى
همرسک,همرسک
همسټرینګ,همسټرینګ
همغاړی,همغاړ
همغږ,همغږ
همغږغ,همغږغ
همغږه,همغږ
همغږيتوب,همغږی
همغږيکولو,همغږیکول
همهغ,همهغ
هميشره,همیشر
همځول,همځول
همڅملاستلی,همڅملاست
همډلی,همډ
همږغی,همږغ
همکاره,همکار
همککار,همککار
همیش,همیش
هندار,هندار
هندوانو,هندو
هندیه,هندی
هنرامندنو,هنرامندن
هنریت,هنریت
هنوموړ,هنوموړ
هنټون,هنټ
هنډرسن,هنډرسن
هنګرونه,هنګر
هنګلي,هنګ
هنګو,هنګ
هواريږي,هواریږ
هوانور,هوانور
هوبټ,هوبټ
هوراوي,هوراو
هورموني,هورمون
هوسان,هوس
هوساينه,هوساین
هوساین,هوساین
هوشنګ,هوشنګ
هولټون,هولټ
هولډینګ,هولډینګ
هولینګورټ,هولینګورټ
هونډا,هونډا
هوټلي,هوټ
هوټن,هوټن
هوډا,هوډا
هوډسن,هوډسن
هوډمنو,هوډمن
هوښمن,هوښمن
هوښيارانه,هوښیار
هوښياري,هوښیار
هوښیارتیا,هوښیار
هوښیاره,هوښیار
هوکړږ,هوکړږ
هوګسټاین,هوګسټاین
هویتونو,هویت
هویتي,هویت
هویشن,هویشن
هویټ,هویټ
هویټزر,هویټزر
هيپاټایټس,هیپاټایټس
هَذَا,هَذَا
هُدا,هُدا
هټيان,هټ
هټيو,هټی
هټیوالو,هټیوال
هپګنیز,هپګنیز
هڅه,هڅ
هڅولای,هڅولا
هڅولی,هڅو
هڅون,هڅ
هڅونکي,هڅ
هڅونکی,هڅ
هڅوی,هڅو
هڅی,هڅ
هډ,هډ
هډزفيلډ,هډزفیلډ
هډو,هډ
هډونه,هډ
هډوکی,هډوک
هژیر,هژیر
هکاريو,هکاری
هګ,هګ
هګی,هګ
هګیدان,هګید
هګیست,هګیست
هګینجاچ,هګینجاچ
هیئة,هیئة
هیات,هیات
هیب,هیب
هیرودین,هیرودین
هیروډوټس,هیروډوټس
هیروګلیف,هیروګلیف
هیلوکوپترو,هیلوکوپتر
هیلټو,هیلټ
هیلکوپټر,هیلکوپټر
هیلیارد,هیلیارد
هیلیر,هیلیر
هیلیکس,هیلیکس
هیلیکوپټرو,هیلیکوپټر
هینس,هینس
هینټون,هینټ
هینډریکز,هینډریکز
هینډون,هینډ
هینګری,هینګر
هیوالدونو,هیوالد
هیومانیستيکي,هیومانیستیک
هیونډای,هیونډا
هیټر,هیټر
هیټریکونه,هیټریک
هیډالګو,هیډالګ
هیښوونکی,هیښو
هیکټاره,هیکټار
هیګاډ,هیګاډ
هیګرسټاون,هیګرسټا
هیګس,هیګس
هیګست,هیګست
هیګسټ,هیګسټ
هیګیسټ,هیګیسټ
وآماده,وآماد
وائي,وائ
واتيکان,واتیک
واجبيږي,واجبیږ
واخله,واخل
وادا,وادا
وادقطر,وادقطر
واده,واد
وادهفول,وادهفول
وادوال,وادوال
واديفل,وادیفل
وادپالونکی,وادپال
وارثګڼي,وارثګڼ
وارداتی,واردات
واردوله,واردول
واردیده,واردید
وارزاوه,وارزاو
وارزوو,وارز
وارول,وارول
واريرس,واریرس
وارچایلډ,وارچایلډ
واریدنه,واریدن
وازمویي,وازموی
واسع,واسع
واشتنګټن,واشتنګټن
واشتګټن,واشتګټن
واشننګټن,واشننګټن
واشنګتن,واشنګتن
واشنګټ,واشنګټ
واشنګټنه,واشنګټن
واشنګټڼ,واشنګټڼ
واشنګڼتن,واشنګڼتن
واشګنټن,واشګنټن
واشڼگټن,واشڼگټن
واشینګټن,واشینګټن
واقعا,واقعا
وال,وال
والشؤون,والشؤ
والله,والل
والوا,والوا
والوتله,والوتل
والوځم,والوځم
والوځوم,والوځوم
والګر,والګر
والګی,وال
واندایي,واندای
وانډرب,وانډرب
وانډیور,وانډیور
وانکهید,وانکهید
وانکیډا,وانکیډا
وانکیډي,وانکیډ
واوروي,واورو
واوروښوی,واوروښو
واورين,واورین
واوس,واوس
واوړوي,واوړو
واوښت,واوښت
واوښتلی,واوښت
وايه,وای
واټرلو,واټرل
واټرپمپ,واټرپمپ
واټرپمپونه,واټرپمپ
واټرګیټ,واټرګیټ
واټڼه,واټڼ
واچ,واچ
واډینګهم,واډینګهم
واړونه,واړ
واړوه,واړو
واړوی,واړو
واښو,واښ
واکمنو,واکمن
واکونه,واک
واکوګن,واکوګن
واګان,وا
واګون,واګ
واګی,وا
وایست,وایست
وایموت,وایموت
وایټنګ,وایټنګ
وایګرا,وایګرا
وایګل,وایګل
وایګمن,وایګمن
وبخښ,وبخښ
وبخښلی,وبخښ
وبخښو,وبخښ
وبندر,وبندر
وبهیږي,وبهیږ
وبوږن,وبوږن
وبوی,وبو
وبپاڼ,وبپاڼ
وبیریږي,وبیریږ
وتلی,وت
وتوان,وتو
وتوغاوه,وتوغاو
وتپي,وتپ
وتړم,وتړم
وتښتوي,وتښتو
وتښتي,وتښت
وتښتیتد,وتښتیتد
وتښتیده,وتښتید
وجنګیږي,وجنګیږ
وجودونه,وجود
وجوه,وجو
وجيبه,وجیب
وح,وح
وحى,وحى
وحيدالله,وحیدالل
وخاصة,وخاصة
وخت,وخت
وخر,وخر
وخورم,وخورم
وخوټ,وخوټ
وخوځیدلو,وخوځیدل
وخوځیږو,وخوځیږ
وخوځیږي,وخوځیږ
وخوړلی,وخوړ
وخوړه,وخوړ
وخویدل,وخویدل
وخيژئ,وخیژئ
وداع,وداع
ودانګل,ودانګل
ودريږو,ودریږ
ودریږی,ودریږ
ور,ور
وراء,وراء
وراحضار,وراحضار
وراوښتی,وراوښت
وراړولای,وراړولا
وراړولی,وراړو
وربار,وربار
وربخښلی,وربخښ
وربدله,وربدل
وربشي,وربش
وربښلی,وربښ
وربښي,ورب
ورتلی,ورت
ورتګه,ورتګ
ورخراب,ورخراب
ورخطاء,ورخطاء
ورخه,ورخ
وردی,ورد
وررد,وررد
ورزده,ورزد
ورزشګاران,ورزشګار
ورزياتولی,ورزیاتو
ورسوئ,ورسوئ
ورسولای,ورسولا
ورسپارل,ورسپارل
ورسپاري,ورسپار
ورغورځولی,ورغورځو
ورغونډو,ورغونډ
ورغوړه,ورغوړ
ورغوښتی,ورغوښت
ورغځ,ورغځ
ورغځولی,ورغځو
ورغځوم,ورغځوم
وركولو,ورکول
ورمنډ,ورمنډ
ورمونټنایټ,ورمونټنایټ
ورمړ,ورمړ
ورننوتل,ورننوتل
ورنوکوف,ورنوکوف
ورنکړ,ورنکړ
ورنکړي,ورنکړ
ورنګړل,ورنګړل
ورنګړي,ورنګړ
ورهم,ورهم
ورواغوستل,ورواغوستل
ورواړاوه,ورواړاو
ورواړول,ورواړول
ورواړوي,ورواړو
وروبیوف,وروبیوف
ورورستي,ورورست
وروزئ,وروزئ
وروسپارل,وروسپارل
وروسپاري,وروسپار
وروغورځاوه,وروغورځاو
وروړلی,وروړ
وروښودل,وروښودل
وروښي,ورو
وروښیو,وروښی
وروګرځ,وروګرځ
وروګرځو,وروګرځ
وروګرځي,وروګرځ
وريفای,وریفا
ورټوله,ورټول
ورټی,ورټ
ورټیل,ورټیل
ورپریښودل,ورپریښودل
ورپوره,ورپور
ورپيښ,ورپیښ
ورپکښ,ورپکښ
ورپیژندلو,ورپیژندل
ورپیښو,ورپیښ
ورځای,ورځا
ورځم,ورځم
ورځنی,ورځن
ورځو,ورځ
ورځين,ورځین
ورځپان,ورځپ
ورځپانه,ورځپ
ورځپاڼو,ورځپاڼ
ورځږ,ورځږ
ورځی,ورځ
ورڅرګند,ورڅرګند
ورښایم,ورښایم
ورښتان,ورښت
ورښتونه,ورښت
ورښودلو,ورښودل
ورښودلي,ورښود
ورښودلی,ورښود
ورښوون,ورښو
ورکاؤ,ورکاؤ
ورکيږي,ورکیږ
ورکړای,ورکړا
ورکړدی,ورکړد
ورکړز,ورکړز
ورکړشو,ورکړش
ورکړشي,ورکړش
ورکړلای,ورکړلا
ورکړله,ورکړل
ورکړلی,ورکړ
ورکړه,ورکړ
ورکړی,ورکړ
ورکړیدی,ورکړید
ورکیدل,ورکیدل
ورکیدنو,ورکیدن
ورګرځو,ورګرځ
ورګرځول,ورګرځول
ورګرځوي,ورګرځو
ورګرځي,ورګرځ
ورګو,ورګ
ورګډ,ورګډ
ورګډل,ورګډل
ورګډه,ورګډ
ورګډو,ورګډ
ورګډول,ورګډول
ورګډوو,ورګډ
ورګډوي,ورګډو
ورګډیدل,ورګډیدل
ورگډیږي,ورگډیږ
وریږي,وریږ
وریښتانو,وریښت
وریک,وریک
وزارتو,وزارت
وزانګی,وزان
وزده,وزد
وزرګارتیا,وزرګار
وزنه,وزن
وزيره,وزیر
وزګاره,وزګار
وزګاری,وزګار
وزیرداکټر,وزیرداکټر
وزیرډاکټر,وزیرډاکټر
وزیږاوه,وزیږاو
وزیږون,وزیږ
وزیږیږي,وزیږیږ
وسائيلو,وسائیل
وسائیل,وسائیل
وسايلو,وسایل
وستي,وست
وسنجول,وسنجول
وسورته,وسورت
وسوځوئ,وسوځوئ
وسوځولی,وسوځو
وسوځید,وسوځید
وسوځیدی,وسوځید
وسټوډ,وسټوډ
وسپارئ,وسپارئ
وسیع,وسیع
وسیو,وسی
وشرک,وشرک
وشړه,وشړ
وصله,وصل
وصلوي,وصلو
وصیتونو,وصیت
وطنه,وطن
وظیفو,وظیف
وعدو,وعد
وعروس,وعروس
وعواملِ,وعواملِ
وغورځو,وغورځ
وغورځول,وغورځول
وغورځيږي,وغورځیږ
وغولوم,وغولوم
وغوځوي,وغوځو
وغوړله,وغوړل
وغوړيږي,وغوړیږ
وغوړیږي,وغوړیږ
وغوښت,وغوښت
وغوښتله,وغوښتل
وغوښتی,وغوښت
وغځوه,وغځو
وغځوی,وغځو
وغځيږي,وغځیږ
وغړولي,وغړو
وغږیدل,وغږیدل
وفی,وف
وقارالزمان,وقارالزم
وقای,وقا
وقهرول,وقهرول
وكړل,وکړل
وكړه,وکړ
ولادمیری,ولادمیر
ولامبي,ولامب
ولايونو,ولای
ولاړل,ولاړل
ولاړه,ولاړ
ولاړوی,ولاړو
ولاړيږي,ولاړیږ
ولایوتونو,ولایوت
ولسمشرعون,ولسمشرع
ولسواله,ولسوال
ولسپوښتنی,ولسپوښتن
ولفګانګ,ولفګانګ
ولمانځل,ولمانځل
ولمانځو,ولمانځ
ولمور,ولمور
ولوبوئ,ولوبوئ
ولوله,ولول
ولویږی,ولویږ
ولټاژ,ولټاژ
ولټه,ولټ
ولټوم,ولټوم
ولړزوي,ولړزو
ولړزیږي,ولړزیږ
ولګاو,ولګا
ولګر,ولګر
ولګوي,ولګو
ولګوی,ولګو
ولګیدي,ولګید
ولګیدی,ولګید
ولګیږي,ولګیږ
ولگاوه,ولگاو
ولیدل,ولیدل
ولینګټن,ولینګټن
ولیک,ولیک
ولیکم,ولیکم
ومروړل,ومروړل
ومنئ,ومنئ
وموندلشوه,وموندلشو
وموندلی,وموند
وموګټله,وموګټل
ومينځل,ومینځل
وندروي,وندرو
ونشوکړای,ونشوکړا
ونمانځلو,ونمانځل
ونمانځي,ونمانځ
ونماځله,ونماځل
وننګولو,وننګول
ونڅ,ونڅ
ونډایور,ونډایور
ونډربیلیټ,ونډربیلیټ
ونډي,ونډ
ونډی,ونډ
ونړوي,ونړو
ونښته,ونښت
ونښوله,ونښول
ونکړ,ونکړ
ونګول,ونګول
ونګړم,ونګړم
ونیزویلا,ونیزویلا
وهلاو,وهلا
وهنه,وهن
وهونه,وه
وهونونکي,وهون
وهڅول,وهڅول
وهڅوم,وهڅوم
وهڅوي,وهڅو
وهڅيږي,وهڅیږ
وهڅیږو,وهڅیږ
وهڅیږي,وهڅیږ
وهیچ,وهیچ
ووادونو,وواد
ووایه,ووای
ووایي,ووای
وودیر,وودیر
وورزبورګ,وورزبورګ
ووسو,ووس
ووسیږو,ووسیږ
ووسیږي,ووسیږ
وولي,وو
ووم,ووم
وون,وون
وونګ,وونګ
ووهونکو,ووهونک
ووویل,ووویل
ووياړي,وویاړ
وويشته,وویشت
ووځ,ووځ
ووډافون,ووډاف
ووډوارډ,ووډوارډ
ووړ,ووړ
ووږ,ووږ
ووژ,ووژ
ووګ,ووګ
وویشلي,وویش
ووینځئ,ووینځئ
وياړ,ویاړ
وياړلی,ویاړ
وياړم,ویاړم
ويبسايټ,ویبسایټ
ويجاړوونکي,ویجاړو
ويجاړوونکی,ویجاړو
ويجاړي,ویجاړ
ويجاړيو,ویجاړی
ويديوګان,ویدیو
ويرجينیا,ویرجینیا
ويره,ویر
ويروسونه,ویروس
ويروونکی,ویرو
ويستل,ویستل
ويشتلی,ویشت
ويلا,ویلا
ويناو,وینا
وينګورنايټز,وینګورنایټز
ويډيوګان,ویډیو
ويډيوګانو,ویډیو
ويډيي,ویډی
ويډیوګان,ویډیو
ويډیوګانو,ویډیو
ويښتان,ویښت
ويښتوب,ویښ
ويښتیا,ویښ
ويښولای,ویښولا
ويکي,ویک
وَإِمَّا,وَإِمَّا
وَإِنَّ,وَإِنَّ
وَالْبَغْيِ,وَالْبَغْیِ
وَالْبَنِينَ,وَالْبَنِینَ
وَأُنْثٰی,وَأُنْثٰ
وَرِضْوَٰنًا,وَرِضْوَٰنًا
وَعَدَ,وَعَدَ
وَقُل,وَقُل
وټاکلو,وټاکل
وټمن,وټمن
وټکوله,وټکول
وپلورلای,وپلورلا
وپلورله,وپلورل
وپوښته,وپوښت
وپوښل,وپوښل
وپوښه,وپوښ
وپړس,وپړس
وپیژندل,وپیژندل
وپیژندله,وپیژندل
وځ,وځ
وځغلوی,وځغلو
وځلوله,وځلول
وځليږي,وځلیږ
وځلیږو,وځلیږ
وځنډاوه,وځنډاو
وځنډوئ,وځنډوئ
وځنډولو,وځنډول
وځنډوه,وځنډو
وځنډيږي,وځنډیږ
وځنډید,وځنډید
وځنډیدله,وځنډیدل
وځنګ,وځنګ
وځو,وځ
وځپاڼه,وځپاڼ
وځپو,وځپ
وځړاوه,وځړاو
وځړول,وځړول
وځړوي,وځړو
وځڼدول,وځڼدول
وڅاره,وڅار
وڅارو,وڅار
وڅاری,وڅار
وڅرخوله,وڅرخول
وڅنډل,وڅنډل
وڅيړل,وڅیړل
وڅښل,وڅښل
وڅښله,وڅښل
وڅښم,وڅښم
وڅښي,وڅ
وڅیړل,وڅیړل
وڅیړله,وڅیړل
وڅیړه,وڅیړ
وڅیړو,وڅیړ
وچاوديدل,وچاودیدل
وچکالی,وچکا
وډاریږي,وډاریږ
وډانټ,وډانټ
وډبوله,وډبول
وړاغیزه,وړاغیز
وړان,وړ
وړاندد,وړاندد
وړاندي,وړاند
وړانديزو,وړاندیز
وړانديزونه,وړاندیز
وړانديزونو,وړاندیز
وړاندی,وړاند
وړاندیزونو,وړاندیز
وړاندیزوونکي,وړاندیزو
وړانډ,وړانډ
وړانګ,وړانګ
وړانګه,وړانګ
وړانګو,وړانګ
وړانگه,وړانگ
وړتيا,وړ
وړلای,وړلا
وړلباس,وړلباس
وړلی,وړ
وړنکي,وړنک
وړهيڅ,وړهیڅ
وړونکي,وړ
وړونکی,وړ
وړونګي,وړون
وړوکتوب,وړوک
وړوکتونونو,وړوکتون
وړوکى,وړوکى
وړوکي,وړوک
وړى,وړى
وړکتوبه,وړکتوب
وړکتون,وړکت
وړکتونه,وړکت
وړکوالي,وړک
وړګڼل,وړګڼل
وړیا,وړیا
وږدي,وږد
وږمه,وږم
وژاړه,وژاړ
وژغول,وژغول
وژمه,وژم
وژونګي,وژون
وښارګوټو,وښارګوټ
وښودلي,وښود
وښوریږي,وښوریږ
وښوځول,وښوځول
وښوی,وښو
وښویږي,وښویږ
وښيو,وښی
وښيٍي,وښیٍ
وښځ,وښځ
وښکی,وښک
وښی,وښ
وښیه,وښی
وښیی,وښی
وکارولی,وکارو
وکاټه,وکاټ
وکتلی,وکت
وکرئ,وکرئ
وکو,وک
وکولى,وکولى
وکړ,وکړ
وکړای,وکړا
وکړلی,وکړ
وکړنګول,وکړنګول
وکړی,وکړ
وکیلي,وکی
وګالل,وګالل
وګاټه,وګاټ
وګاڼه,وګاڼ
وګتله,وګتل
وګرو,وګر
وګرځ,وګرځ
وګرځئ,وګرځئ
وګرځم,وګرځم
وګرځو,وګرځ
وګرځوئ,وګرځوئ
وګرځوله,وګرځول
وګرځولی,وګرځو
وګرځوم,وګرځوم
وګرځوه,وګرځو
وګرځوو,وګرځ
وګرځي,وګرځ
وګرځيدل,وګرځیدل
وګرځیدل,وګرځیدل
وګرځیدو,وګرځید
وګرځیدی,وګرځید
وګنی,وګن
وګواښئ,وګواښئ
وګواښل,وګواښل
وګواښلم,وګواښلم
وګواښوي,وګواښو
وګواښي,وګوا
وګورود,وګورود
وګوری,وګور
وګومارئ,وګومارئ
وګوړو,وګوړ
وګټ,وګټ
وګټلای,وګټلا
وګټله,وګټل
وګټلو,وګټل
وګټلي,وګټ
وګټه,وګټ
وګټوو,وګټ
وګټي,وګټ
وګټی,وګټ
وګډ,وګډ
وګړ,وګړ
وګړا,وګړا
وګړني,وګړن
وګړنیزه,وګړنیز
وګړو,وګړ
وګړود,وګړود
وګړوغوښتي,وګړوغوښت
وګړوهیل,وګړوهیل
وګړي,وګړ
وګړی,وګړ
وګړیو,وګړی
وګڼل,وګڼل
وګڼله,وګڼل
وګڼه,وګڼ
وګڼو,وګڼ
وګڼي,وګڼ
وګیني,وګین
وگړو,وگړ
وڼدو,وڼد
ویالو,ویال
ویاندمحمد,ویاندمحمد
ویاندویي,ویاندوی
ویاړلی,ویاړ
ویاړي,ویاړ
ویاړکوي,ویاړکو
ویبل,ویبل
ویبهاو,ویبها
ویبپاڼ,ویبپاڼ
ویبګان,ویب
ویبینګ,ویبینګ
ویترین,ویترین
ویتنامي,ویتنام
ویتنامی,ویتنام
ویجاړولو,ویجاړول
ویجاړولی,ویجاړو
ویجاړونک,ویجاړونک
ویجاړونکی,ویجاړ
ویجاړوونکی,ویجاړو
ویجاړی,ویجاړ
ویديوګان,ویدیو
ویديوګانو,ویدیو
ویدیا,ویدیا
ویدیوګان,ویدیو
ویرورس,ویرورس
ویروسونو,ویروس
ویري,ویر
ویرکونن,ویرکونن
ویریدونکی,ویرید
ویریږئ,ویریږئ
ویزمن,ویزمن
ویزووف,ویزووف
ویست,ویست
ویسل,ویسل
ویسن,ویسن
ویسه,ویس
ویسټرلونډ,ویسټرلونډ
ویشاکي,ویشاک
ویشتنځای,ویشتنځا
ویشتنځی,ویشتنځ
ویشنه,ویشن
ویشنځای,ویشنځا
ویلالاګي,ویلالا
ویلان,ویل
ویلای,ویلا
ویلایزیشن,ویلایزیشن
ویلش,ویلش
ویلمسن,ویلمسن
ویلمینګټن,ویلمینګټن
ویلنګسټون,ویلنګسټ
ویلټشیر,ویلټشیر
ویلچیرونو,ویلچیر
ویلډينګ,ویلډینګ
ویلډینګ,ویلډینګ
ویلښي,ویل
ویلیمس,ویلیمس
ویلینګټن,ویلینګټن
ویناواله,ویناوال
وینبن,وینبن
وینلړلي,وینلړ
وینویلیټ,وینویلیټ
وینټایلټور,وینټایلټور
وینټلاټورونو,وینټلاټور
وینډر,وینډر
وینډوز,وینډوز
وینډي,وینډ
وینډی,وینډ
وینکاتا,وینکاتا
وینګرهویټس,وینګرهویټس
وینیا,وینیا
ویوونکو,ویوونک
ویوړ,ویوړ
ویویاني,ویویان
ویټرګرین,ویټرګرین
ویټکاف,ویټکاف
ویټکان,ویټک
ویټیکاف,ویټیکاف
ویچټ,ویچټ
ویډانټ,ویډانټ
ویډو,ویډ
ویډوګان,ویډو
ویډوګانو,ویډو
ویډيویي,ویډیوی
ویډګان,ویډ
ویډینګ,ویډینګ
ویډیوي,ویډیو
ویډیوګانو,ویډیو
ویډیوګراف,ویډیوګراف
ویډیوګیم,ویډیوګیم
ویډیوګیمونو,ویډیوګیم
ویډیوی,ویډیو
ویژوالیز,ویژوالیز
ویښتان,ویښت
ویښتنان,ویښتن
ویښتوب,ویښ
ویښتیا,ویښ
ویښیدو,ویښید
ویکت,ویکت
ویکسنر,ویکسنر
ویکټو,ویکټ
ویکټوریا,ویکټوریا
ویکیپیډیا,ویکیپیډیا
ویګنا,ویګنا
يادون,یاد
يادونو,یاد
ياديږي,یادیږ
يادښت,یادښت
يادښتونو,یادښت
يادګارونو,یادګار
يانګون,یانګ
يحيی,یحی
يرد,یرد
يرغلګرو,یرغلګر
يرم,یرم
ينګ,ینګ
ينګون,ینګ
يواز,یواز
يوازينی,یوازین
يواځينی,یواځین
يوروپا,یوروپا
يوسفزي,یوسفز
يوسم,یوسم
يولوبغاړی,یولوبغاړ
يونيسکو,یونیسک
يوټا,یوټا
يوټيوبران,یوټیوبر
يوځای,یوځا
يَبْتَغُونَ,یَبْتَغُونَ
يَحْزَنُونَ,یَحْزَنُونَ
يَرْجِعْ,یَرْجِعْ
يَصْنَعُونَ,یَصْنَعُونَ
يُعَذِّبُ,یُعَذِّبُ
يُعْجِبُ,یُعْجِبُ
يښ,يښ
يښی,یښ
ًپه,ًپ
ِځولو,ِځول
١١٧٠,١١٧٠
١٥٠٠,١٥٠٠
١٩,١٩
١٩٧٥,١٩٧٥
١٩٩٦,١٩٩٦
٢٢,٢٢
٢٤,٢٤
٣٠,٣٠
٣٨١,٣٨١
٤٤٤,٤٤٤
٥٧,٥٧
٥٩٠,٥٩٠
٦٨,٦٨
٧٢,٧٢
٨٠,٨٠
٨٠٠٠,٨٠٠٠
٨٥٪,٨٥٪
٪ښځ,٪ښځ
ټابلین,ټابلین
ټاروبا,ټاروبا
ټارګ,ټارګ
ټافل,ټافل
ټالنډي,ټالنډ
ټالوی,ټالو
ټالینډ,ټالینډ
ټامس,ټامس
ټامپسون,ټامپس
ټامیل,ټامیل
ټانوي,ټانو
ټانيا,ټانیا
ټانکران,ټانکر
ټانکرونو,ټانکر
ټانکونه,ټانک
ټانګر,ټانګر
ټانګه,ټانګ
ټانګونو,ټانګ
ټايفون,ټایف
ټايلنډ,ټایلنډ
ټايم,ټایم
ټايمز,ټایمز
ټايګرز,ټایګرز
ټاټوب,ټاټوب
ټاټوبيو,ټاټوبی
ټاپوګان,ټاپو
ټاپوګانو,ټاپو
ټاکران,ټاکر
ټاکلای,ټاکلا
ټاکله,ټاکل
ټاکلي,ټاک
ټاکلی,ټاک
ټاکو,ټاک
ټاکونو,ټاک
ټاکونکو,ټاکونک
ټاکونکی,ټاک
ټاکړي,ټاکړ
ټاګ,ټاګ
ټاګل,ټاګل
ټای,ټا
ټایرونه,ټایر
ټایرونو,ټایر
ټایریزه,ټایریز
ټایفائډ,ټایفائډ
ټایفون,ټایف
ټایلنډي,ټایلنډ
ټایلنډی,ټایلنډ
ټایلنیډ,ټایلنیډ
ټایمزاف,ټایمزاف
ټایوانیان,ټایوان
ټایون,ټای
ټایټ,ټایټ
ټایټانیمه,ټایټانیم
ټایکون,ټایک
ټبنګار,ټبنګار
ټرازیټي,ټرازیټ
ټرافالګر,ټرافالګر
ټرافورډ,ټرافورډ
ټرافګان,ټراف
ټراماټایزډ,ټراماټایزډ
ټران,ټر
ټرانسجنډر,ټرانسجنډر
ټرانسجینډر,ټرانسجینډر
ټرانسپورتي,ټرانسپورت
ټرانسپورټران,ټرانسپورټر
ټرانسپورټي,ټرانسپورټ
ټرانسپوټرانو,ټرانسپوټر
ټرانګه,ټرانګ
ټراورټین,ټراورټین
ټرايګلاسرايډ,ټرایګلاسرایډ
ټراګاټ,ټراګاټ
ټراګر,ټراګر
ټرایډنټ,ټرایډنټ
ټرزبرګ,ټرزبرګ
ټرسبرګ,ټرسبرګ
ټرلیون,ټرلی
ټرمونو,ټرم
ټرنب,ټرنب
ټرننګ,ټرننګ
ټرنويډا,ټرنویډا
ټرنینګ,ټرنینګ
ټروجن,ټروجن
ټروسارډ,ټروسارډ
ټرول,ټرول
ټروډ,ټروډ
ټروډو,ټروډ
ټروی,ټرو
ټريببون,ټریبب
ټريبيون,ټریبی
ټريشيا,ټریشیا
ټريليون,ټریلی
ټرکر,ټرکر
ټرکونو,ټرک
ټرکینګ,ټرکینګ
ټریبون,ټریب
ټریبیوټ,ټریبیوټ
ټریزا,ټریزا
ټریلیون,ټریلی
ټریناډا,ټریناډا
ټریناډاډ,ټریناډاډ
ټریننګونه,ټریننګ
ټرینټي,ټرینټ
ټرینچارډ,ټرینچارډ
ټرینډ,ټرینډ
ټرینډونو,ټرینډ
ټرینیډاد,ټرینیډاد
ټرینیډاډ,ټرینیډاډ
ټست,ټست
ټسمنان,ټسمن
ټسي,ټس
ټسټوسټیرون,ټسټوسټیر
ټش,ټش
ټغرونه,ټغر
ټكول,ټکول
ټلفون,ټلف
ټلفوني,ټلفون
ټلویزون,ټلویز
ټلویزيون,ټلویزی
ټلویزیون,ټلویزی
ټلویژیون,ټلویژی
ټليفون,ټلیف
ټلټفون,ټلټف
ټلګراف,ټلګراف
ټلیفون,ټلیف
ټمپرینګ,ټمپرینګ
ټناکو,ټناک
ټنده,ټند
ټنډ,ټنډ
ټنډولکر,ټنډولکر
ټنګ,ټنګ
ټنګاډاګي,ټنګاډا
ټنګه,ټنګ
ټنګول,ټنګول
ټنګښت,ټنګښت
ټنګیدو,ټنګید
ټنګیو,ټنګی
ټنگ,ټنگ
ټه,ټه
ټهلوبډل,ټهلوبډل
ټهټه,ټهټ
ټوبین,ټوبین
ټوبیګو,ټوبیګ
ټوت,ټوت
ټوخي,ټوخ
ټوخیږي,ټوخیږ
ټورنمټونو,ټورنمټ
ټولبښن,ټولبښن
ټولبښنه,ټولبښن
ټولخوښ,ټولخوښ
ټولنز,ټولنز
ټولنه,ټولن
ټولنیزغورځنګ,ټولنیزغورځنګ
ټولنیزفعال,ټولنیزفعال
ټوله,ټول
ټولونه,ټول
ټولټاکنو,ټولټاکن
ټولپوښتن,ټولپوښتن
ټولپوښتنو,ټولپوښتن
ټولچاری,ټولچار
ټولکډونه,ټولکډ
ټولګ,ټولګ
ټولګتو,ټولګت
ټولګلټو,ټولګلټ
ټولګيو,ټولګی
ټولګيوال,ټولګیوال
ټولګيوالو,ټولګیوال
ټولګټ,ټولګټ
ټولګټه,ټولګټ
ټولګټو,ټولګټ
ټولګټونه,ټولګټ
ټولګډونتوب,ټولګډون
ټولګډونه,ټولګډ
ټولګډوني,ټولګډون
ټولګی,ټول
ټولګیوال,ټولګیوال
ټولګیوالو,ټولګیوال
ټولگ,ټولگ
ټولگه,ټولگ
ټولگی,ټولگ
ټولڼ,ټولڼ
ټولڼیز,ټولڼیز
ټولیو,ټولی
ټولیږي,ټولیږ
ټولیګوالو,ټولیګوال
ټوم,ټوم
ټومبلي,ټومب
ټومور,ټومور
ټومورونه,ټومور
ټونبرګ,ټونبرګ
ټونټي,ټونټ
ټونګ,ټونګ
ټونی,ټون
ټوهان,ټوه
ټوټ,ټوټ
ټوټه,ټوټ
ټوټی,ټوټ
ټوټیر,ټوټیر
ټوپکی,ټوپک
ټوډي,ټوډ
ټوړلنیز,ټوړلنیز
ټوکران,ټوکر
ټوکسین,ټوکسین
ټوکیر,ټوکیر
ټوګندات,ټوګندات
ټویټرپاڼ,ټویټرپاڼ
ټویډي,ټویډ
ټيلفون,ټیلف
ټيلويزون,ټیلویز
ټيليفون,ټیلیف
ټيليګراف,ټیلیګراف
ټيلګرام,ټیلګرام
ټيلیفون,ټیلیف
ټيمي,ټیم
ټينګ,ټینګ
ټينګار,ټینګار
ټينګاره,ټینګار
ټينګو,ټینګ
ټينګولو,ټینګول
ټينګي,ټین
ټيټو,ټیټ
ټيټوالی,ټیټ
ټيټيږي,ټیټیږ
ټيټیږي,ټیټیږ
ټيپان,ټیپ
ټيډبال,ټیډبال
ټيډرس,ټیډرس
ټيډروس,ټیډروس
ټيکانن,ټیکانن
ټيکس,ټیکس
ټيڼګار,ټیڼګار
ټيیان,ټی
ټُنو,ټُن
ټپه,ټپ
ټپونو,ټپ
ټپی,ټپ
ټپیان,ټپ
ټپیانوي,ټپیانو
ټډ,ټډ
ټډانس,ټډانس
ټډروس,ټډروس
ټړاو,ټړا
ټړل,ټړل
ټړون,ټړ
ټښتولو,ټښتول
ټکا,ټکا
ټکان,ټک
ټکری,ټکر
ټکسیان,ټکس
ټکن,ټکن
ټکنالوز,ټکنالوز
ټکنالوژی,ټکنالوژ
ټکنالوژیو,ټکنالوژی
ټکنوکراټانو,ټکنوکراټ
ټکنی,ټکن
ټکوانډوکار,ټکوانډوکار
ټکوانډوکاران,ټکوانډوکار
ټکولی,ټکو
ټکوین,ټکوین
ټکټار,ټکټار
ټګ,ټګ
ټګان,ټګ
ټګانو,ټګ
ټګلار,ټګلار
ټګي,ټګ
ټګی,ټګ
ټڼه,ټڼ
ټڼیو,ټڼی
ټی,ټی
ټیتګاما,ټیتګاما
ټیریننګ,ټیریننګ
ټیسټسټرون,ټیسټسټر
ټیسټسټیرون,ټیسټسټیر
ټیشوګانو,ټیشو
ټیفن,ټیفن
ټیفون,ټیف
ټیليفون,ټیلیف
ټیلګراف,ټیلګراف
ټیلیګراف,ټیلیګراف
ټیلیګرام,ټیلیګرام
ټیلیګرامي,ټیلیګرام
ټیمونه,ټیم
ټیمونو,ټیم
ټیموټی,ټیموټ
ټیمي,ټیم
ټیمپلټن,ټیمپلټن
ټینډر,ټینډر
ټینډی,ټینډ
ټینښګت,ټینښګت
ټینکښت,ټینکښت
ټینګ,ټینګ
ټینګارا,ټینګارا
ټینګارشوی,ټینګارشو
ټینګاري,ټینګار
ټینګارکوي,ټینګارکو
ټینګارکړی,ټینګارکړ
ټینګلو,ټینګل
ټینګه,ټینګ
ټینګو,ټینګ
ټینګوالي,ټینګ
ټینګول,ټینګول
ټینګولو,ټینګول
ټینګوي,ټینګو
ټینګښت,ټینګښت
ټینګیدلو,ټینګیدل
ټینګیدو,ټینګید
ټینګیږي,ټینګیږ
ټینگ,ټینگ
ټینی,ټین
ټینیس,ټینیس
ټینیسووډ,ټینیسووډ
ټینیسي,ټینیس
ټیوب,ټیوب
ټیوبونو,ټیوب
ټیون,ټی
ټیوننګ,ټیوننګ
ټیوټا,ټیوټا
ټیټ,ټیټ
ټیټان,ټیټ
ټیټسو,ټیټس
ټیټوالی,ټیټ
ټیټولای,ټیټولا
ټیټپوړو,ټیټپوړ
ټیټیږي,ټیټیږ
ټیټیږی,ټیټیږ
ټیپونو,ټیپ
ټیچنګ,ټیچنګ
ټیډروز,ټیډروز
ټیډورس,ټیډورس
ټیډي,ټیډ
ټیډیسویل,ټیډیسویل
ټیکری,ټیکر
ټیکنالوژي,ټیکنالوژ
ټیکنالوژیک,ټیکنالوژیک
ټیکنالوژیکي,ټیکنالوژیک
ټیکنوفوسیلونه,ټیکنوفوسیل
ټیکټاک,ټیکټاک
ټیګار,ټیګار
پآنګون,پآنګ
پآڼ,پآڼ
پآڼه,پآڼ
پات,پات
پاتوګنونو,پاتوګن
پاتوګینونو,پاتوګین
پاتي,پات
پادکاسټ,پادکاسټ
پادکسټ,پادکسټ
پاراسټامول,پاراسټامول
پاراګان,پارا
پاراګوالی,پاراګ
پاراګوای,پاراګوا
پاراګون,پاراګ
پاراګوی,پاراګو
پارسیان,پارس
پارلز,پارلز
پارمیجیانو,پارمیج
پارټ,پارټ
پارټنرز,پارټنرز
پارټنرشپ,پارټنرشپ
پارټي,پارټ
پارکسایډ,پارکسایډ
پارګوای,پارګوا
پاسا,پاسا
پاسته,پاست
پاسفیک,پاسفیک
پاسپورټه,پاسپورټ
پاسپورټونو,پاسپورټ
پاسپورټونونو,پاسپورټون
پاشل,پاشل
پالادیوم,پالادیوم
پالل,پالل
پالنځای,پالنځا
پاله,پال
پالوڅ,پالوڅ
پاليسو,پالیس
پالیسټر,پالیسټر
پالیټیکس,پالیټیکس
پامي,پام
پانام,پانام
پانډا,پانډا
پانډای,پانډا
پانګ,پانګ
پانګه,پانګ
پانګون,پانګ
پانګوون,پانګو
پانګوونه,پانګو
پاورلفټینګ,پاورلفټینګ
پاورلیفټنګ,پاورلیفټنګ
پاورلیفټینګ,پاورلیفټینګ
پاوړی,پاوړ
پايلي,پای
پاينټونه,پاینټ
پايډل,پایډل
پاټامیک,پاټامیک
پاټر,پاټر
پاټک,پاټک
پاپا,پاپا
پاپارو,پاپار
پاپوانیوګیني,پاپوانیوګین
پاپوانیوګینی,پاپوانیوګین
پاپول,پاپول
پاڅونونو,پاڅون
پاڅيږي,پاڅیږ
پاڅیږ,پاڅیږ
پاڅیږو,پاڅیږ
پاډوکون,پاډوک
پاډکاسټر,پاډکاسټر
پاډکاسټونو,پاډکاسټ
پاډکسټ,پاډکسټ
پاړا,پاړا
پاکس,پاکس
پاکستانیانو,پاکستان
پاکټونو,پاکټ
پاګستان,پاګست
پاڼه,پاڼ
پاڼټ,پاڼټ
پایانه,پا
پایروکلاسټیک,پایروکلاسټیک
پایلوبو,پایلوب
پاینل,پاینل
پایه,پای
پاییدونکي,پایید
پتابینډي,پتابینډ
پتنا,پتنا
پتنګان,پتن
پتنګانو,پتن
پتیال,پتیال
پتیګل,پتیګل
پجنشنب,پجنشنب
پخته,پخت
پختورګو,پختورګ
پخلنځي,پخلنځ
پخلنځی,پخلنځ
پخیږي,پخیږ
پدغ,پدغ
پدي,پد
پراخ,پراخ
پرادیپ,پرادیپ
پرازيټونو,پرازیټ
پرافتخار,پرافتخار
پرالتا,پرالتا
پرالټا,پرالټا
پرانیزئ,پرانیزئ
پرانیسته,پرانیست
پرانیځئ,پرانیځئ
پراکسي,پراکس
پراګتي,پراګت
پراګماتیک,پراګماتیک
پراګوای,پراګوا
پرایزیټي,پرایزیټ
پرتله,پرتل
پرتګالیان,پرتګال
پرتګالیو,پرتګالی
پرداختي,پرداخت
پردر,پردر
پرديو,پردی
پردیپ,پردیپ
پرزنرز,پرزنرز
پرستیژ,پرستیژ
پرسنول,پرسنول
پرسیمه,پرسیم
پرشاتګ,پرشاتګ
پرشانټ,پرشانټ
پرشکر,پرشکر
پرغښتلتیا,پرغښتل
پرلوړغږ,پرلوړغږ
پرلپسي,پرلپس
پرمختګه,پرمختګ
پرمختیایی,پرمختیای
پرمراسمو,پرمراسم
پرمټ,پرمټ
پرنادرآباد,پرنادرآباد
پرنجی,پرنج
پرنفوسه,پرنفوس
پرنلي,پرن
پرواند,پرواند
پروبيوټيکونه,پروبیوټیک
پروت,پروت
پروردګار,پروردګار
پروردګاره,پروردګار
پرورسه,پرورس
پروسلو,پروسل
پروسږکال,پروسږکال
پروفیسرانو,پروفیسر
پروفیشنل,پروفیشنل
پرونس,پرونس
پروویډنس,پروویډنس
پروټينو,پروټین
پروټينونه,پروټین
پروټین,پروټین
پروپاګنډه,پروپاګنډ
پروپیګنډ,پروپیګنډ
پروډیوسرانو,پروډیوسر
پروړګرامونه,پروړګرام
پروړګرامونو,پروړګرام
پروژوي,پروژو
پروکودین,پروکودین
پروګرامه,پروګرام
پروګرامونو,پروګرام
پروگرامونو,پروگرام
پرویز,پرویز
پريكړه,پریکړ
پريږدئ,پریږدئ
پريږده,پریږد
پريښود,پریښود
پريښودل,پریښودل
پريکړه,پریکړ
پرځایینه,پرځایین
پرځمکه,پرځمک
پرځینو,پرځین
پرڅ,پرڅ
پرچمیانو,پرچم
پرښت,پرښت
پرښتو,پرښت
پرښتوټولن,پرښتوټولن
پرښځو,پرښځ
پرکټس,پرکټس
پرګمټال,پرګمټال
پرګنیو,پرګنی
پرګډو,پرګډ
پرګډون,پرګډ
پریست,پریست
پریفرنټ,پریفرنټ
پرینسټن,پرینسټن
پرینږد,پرینږد
پریټي,پریټ
پریډونو,پریډ
پریږدم,پریږدم
پریږده,پریږد
پریږدو,پریږد
پریږدی,پریږد
پریکرو,پریکر
پریکړ,پریکړ
پریکړی,پریکړ
پسیټن,پسیټن
پشتو,پشت
پشتونکوټ,پشتونکوټ
پشنهادي,پشنهاد
پلازمینو,پلازمین
پلاستیک,پلاستیک
پلاسټيک,پلاسټیک
پلانکا,پلانکا
پلانیږي,پلانیږ
پلاټفارمونو,پلاټفارم
پلاټفورمونو,پلاټفورم
پلاټون,پلاټ
پلورنو,پلورن
پلورنځی,پلورنځ
پلورولو,پلورول
پلوماتيک,پلوماتیک
پلوه,پلو
پلوي,پلو
پليتابهټینګار,پلیتابهټینګار
پلټفارمه,پلټفارم
پلټفارمونو,پلټفارم
پلټلی,پلټ
پلټنواو,پلټنوا
پلټنیزو,پلټنیز
پلټونکی,پلټ
پلټوونکي,پلټو
پلټڼ,پلټڼ
پلګوټي,پلګوټ
پلین,پلین
پلیټفارمونو,پلیټفارم
پلیټفورم,پلیټفورم
پلیټفورمونو,پلیټفورم
پلیټل,پلیټل
پلیټیف,پلیټیف
پمفلټونه,پمفلټ
پنات,پنات
پناځایونو,پناځای
پناګاه,پناګا
پنتاګان,پنتا
پنجابيان,پنجاب
پنجپايي,پنجپای
پنشنب,پنشنب
پنټاټریک,پنټاټریک
پنټاګان,پنټا
پنټاګون,پنټاګ
پنټګان,پنټ
پنځله,پنځل
پنځمه,پنځم
پنځولی,پنځو
پنځون,پنځ
پنځونو,پنځ
پنځونک,پنځونک
پنځوونکی,پنځو
پنځکونکي,پنځک
پنچشنبه,پنچشنب
پنډغالی,پنډغا
پنډنټ,پنډنټ
پنډه,پنډ
پنډولی,پنډو
پنډیا,پنډیا
پنګي,پن
پنیری,پنیر
پنیټا,پنیټا
پنیکو,پنیک
پهجګړه,پهجګړ
پهخیران,پهخیر
پهدغو,پهدغ
پهر,پهر
پهشپږو,پهشپږ
پهکویټه,پهکویټ
پوائنټونو,پوائنټ
پوتوپوهنکی,پوتوپوهنک
پورتر,پورتر
پورتګالی,پورتګا
پوروړی,پوروړ
پورټر,پورټر
پوریسټ,پوریسټ
پوستی,پوست
پوسټ,پوسټ
پوسټر,پوسټر
پولارډ,پولارډ
پولند,پولند
پولنډیان,پولنډ
پولينيسيس,پولینیسیس
پولیسومنسوبین,پولیسومنسوبین
پولیسوپر,پولیسوپر
پولیفینولونو,پولیفینول
پولیټیکي,پولیټیک
پومپیو,پومپی
پونده,پوند
پونټلنډ,پونټلنډ
پونټلینډ,پونټلینډ
پونډونګ,پونډونګ
پونډوه,پونډو
پونیا,پونیا
پوه,پو
پوهاند,پوهاند
پوهنخي,پوهنخ
پوهندوی,پوهندو
پوهنوال,پوهنوال
پوهنځی,پوهنځ
پوهنیار,پوهنیار
پوهول,پوهول
پوهیږ,پوهیږ
پوهیږئ,پوهیږئ
پوهیږو,پوهیږ
پوهیږی,پوهیږ
پوټ,پوټ
پوټامیک,پوټامیک
پوټکي,پوټک
پوځيان,پوځ
پوځيانو,پوځ
پوځی,پوځ
پوځیان,پوځ
پوڅک,پوڅک
پوڅکیو,پوڅکی
پوچو,پوچ
پوچین,پوچین
پوچینګ,پوچینګ
پوډرو,پوډر
پوډري,پوډر
پوډه,پوډ
پوډکاسټ,پوډکاسټ
پوړنی,پوړن
پوړو,پوړ
پوښاکه,پوښاک
پوښتنه,پوښتن
پوښتني,پوښتن
پوښتنپاڼ,پوښتنپاڼ
پوښتنپاڼه,پوښتنپاڼ
پوښتنی,پوښتن
پوښته,پوښت
پوښتورګو,پوښتورګ
پوښتورګي,پوښتور
پوښلای,پوښلا
پوښلي,پوښ
پوښلی,پوښ
پوکاڼه,پوکاڼ
پوګاټ,پوګاټ
پوګور,پوګور
پوینشوال,پوینشوال
پياوړ,پیاوړ
پياوړوي,پیاوړو
پياړوتيا,پیاړو
پيتاوي,پیتاو
پيتیوګورسک,پیتیوګورسک
پيداشي,پیداش
پيراګلایډينګ,پیراګلایډینګ
پيرنګ,پیرنګ
پيرټايډ,پیرټایډ
پيشوګان,پیشو
پيكر,پیکر
پيلني,پیلن
پيلونګ,پیلونګ
پيلوو,پیل
پيلوي,پیلو
پيلوټان,پیلوټ
پينتاګان,پینتا
پيني,پین
پينټاګون,پینټاګ
پينډ,پینډ
پينګوینان,پینګوین
پيټرزبورګ,پیټرزبورګ
پيټرولو,پیټرول
پيټریوټ,پیټریوټ
پيټززبورګ,پیټززبورګ
پيټی,پیټ
پيپلز,پیپلز
پيړيو,پیړی
پيژندلی,پیژند
پيښمان,پیښم
پيښولی,پیښو
پيښيږي,پیښیږ
پيګاټ,پیګاټ
پټاقی,پټاق
پټان,پټ
پټاټ,پټاټ
پټاټو,پټاټ
پټاپسکو,پټاپسک
پټاک,پټاک
پټاکيو,پټاکی
پټرولي,پټرو
پټرولیم,پټرولیم
پټنځايونو,پټنځای
پټنځای,پټنځا
پټنځاینو,پټنځاین
پټنځاینونو,پټنځاین
پټنځایه,پټنځای
پټنځایونه,پټنځای
پټنځیو,پټنځی
پټوالی,پټ
پټولی,پټو
پټوونکی,پټو
پټوکرنسی,پټوکرنس
پټوګان,پټو
پټځای,پټځا
پټګن,پټګن
پټڼځایونه,پټڼځای
پټڼځیو,پټڼځی
پټیلینګم,پټیلینګم
پپیتا,پپیتا
پځوانی,پځوان
پڅوالي,پڅ
پډرو,پډر
پډیا,پډیا
پډیاټر,پډیاټر
پړانګان,پړان
پړاود,پړاود
پړاوونه,پړاو
پړاګانو,پړا
پړسوي,پړسو
پړسيږي,پړسیږ
پړسیدلی,پړسید
پړون,پړ
پړونو,پړ
پړوني,پړون
پړونی,پړون
پړکا,پړکا
پړکولو,پړکول
پړی,پړ
پړیسدلی,پړیسد
پړیکون,پړیک
پښان,پښ
پښتن,پښتن
پښتنون,پښتن
پښتو,پښت
پښتورګو,پښتورګ
پښتورګي,پښتور
پښتورګی,پښتور
پښتون,پښت
پښتونستان,پښتونست
پښتونوخوا,پښتونوخوا
پښتونول,پښتونول
پښتونوژن,پښتونوژن
پښتونیار,پښتونیار
پښتوپوهاند,پښتوپوهاند
پښتیو,پښتی
پښټو,پښټ
پښیمان,پښیم
پښیمانتیا,پښیمان
پښیماني,پښیمان
پکړ,پکړ
پکښ,پکښ
پګټ,پګټ
پګړ,پګړ
پګړیو,پګړی
پیاتانګترن,پیاتانګترن
پیاوړتیا,پیاوړ
پیاوړی,پیاوړ
پیترزڅلور,پیترزڅلور
پیداکولو,پیداکول
پیداکړه,پیداکړ
پیداکیږی,پیداکیږ
پیراډایز,پیراډایز
پیرودنکي,پیرودنک
پیروی,پیرو
پیرکوه,پیرکو
پیریدونکی,پیرید
پیریډونټل,پیریډونټل
پیریکارډایټس,پیریکارډایټس
پیسا,پیسا
پیشوګان,پیشو
پیشګرانه,پیشګر
پیغامه,پیغام
پیغامونو,پیغام
پیلر,پیلر
پیلول,پیلول
پیلوټان,پیلوټ
پیلوټی,پیلوټ
پیلیږي,پیلیږ
پیلیږی,پیلیږ
پینالټي,پینالټ
پینټاګون,پینټاګ
پینګ,پینګ
پینګیو,پینګی
پیواړ,پیواړ
پیونګان,پیون
پیونګیانګ,پیونګیانګ
پیټررزبرګ,پیټررزبرګ
پیټرز,پیټرز
پیټرزبورګ,پیټرزبورګ
پیټرسوچیچ,پیټرسوچیچ
پیټروفسک,پیټروفسک
پیټرییس,پیټرییس
پیټزبورګ,پیټزبورګ
پیټسبورګ,پیټسبورګ
پیټفیلډ,پیټفیلډ
پیټمان,پیټم
پیټټ,پیټټ
پیټی,پیټ
پیڅکه,پیڅک
پیڅکي,پیڅک
پیډراس,پیډراس
پیژوندونکو,پیژوندونک
پیښتورګو,پیښتورګ
پیښتورګي,پیښتور
پیښوي,پیښو
پیښږي,پیښږ
پیښیدو,پیښید
پیښیدونکی,پیښید
پیښیدی,پیښید
پیښیږي,پیښیږ
پیکان,پیک
پیکس,پیکس
پیګوټ,پیګوټ
پیګټ,پیګټ
پیګیر,پیګیر
ځآنګړي,ځآنګړ
ځارولو,ځارول
ځاریږي,ځاریږ
ځاله,ځال
ځالی,ځا
ځان,ځان
ځانمرګ,ځانمرګ
ځانمرګري,ځانمرګر
ځانمرګو,ځانمرګ
ځانمرګي,ځانمر
ځانمرګی,ځانمر
ځانمرګیو,ځانمرګی
ځانمرگی,ځانمرگ
ځانون,ځان
ځانځاني,ځانځان
ځانکړ,ځانکړ
ځانکړتياو,ځانکړتیا
ځانکړی,ځانکړ
ځانګ,ځانګ
ځانګر,ځانګر
ځانګرتیاو,ځانګرتیا
ځانګرو,ځانګر
ځانګري,ځانګر
ځانګری,ځانګر
ځانګو,ځانګ
ځانګړ,ځانګړ
ځانګړت,ځانګړت
ځانګړتيا,ځانګړ
ځانګړتياو,ځانګړتیا
ځانګړتياوو,ځانګړتیا
ځانګړتیا,ځانګړ
ځانګړتیاو,ځانګړتیا
ځانګړتیاوو,ځانګړتیا
ځانګړتیاوي,ځانګړتیاو
ځانګړن,ځانګړن
ځانګړنی,ځانګړن
ځانګړى,ځانګړى
ځانګړي,ځانګړ
ځانګړيو,ځانګړی
ځانګړټیاو,ځانګړټیا
ځانګړږ,ځانګړږ
ځانګړینه,ځانګړین
ځانګړیو,ځانګړی
ځانگړ,ځانگړ
ځانگړو,ځانگړ
ځانگړي,ځانگړ
ځايناستی,ځایناست
ځايونو,ځای
ځايي,ځای
ځاځیو,ځاځی
ځاکړ,ځاکړ
ځایناستي,ځایناست
ځایکی,ځایک
ځایګي,ځای
ځایګی,ځای
ځاییږي,ځاییږ
ځتیځو,ځتیځ
ځدارڼ,ځدارڼ
ځدران,ځدر
ځدراڼو,ځدراڼ
ځراکت,ځراکت
ځرنګه,ځرنګ
ځرکتيا,ځرک
ځغاستلیکه,ځغاستلیک
ځغاستونکي,ځغاست
ځغاستوونک,ځغاستوونک
ځغلاوه,ځغلاو
ځغلون,ځغل
ځغلونه,ځغل
ځغلوني,ځغلون
ځغلونک,ځغلونک
ځلاګان,ځلا
ځلغوونکو,ځلغوونک
ځلموټو,ځلموټ
ځلمي,ځلم
ځلمی,ځلم
ځلوب,ځلوب
ځلولی,ځلو
ځلونه,ځل
ځلویښت,ځلویښت
ځليږي,ځلیږ
ځلی,ځل
ځلیدای,ځلیدا
ځلیدلی,ځلید
ځلیدونکی,ځلید
ځلیږو,ځلیږ
ځم,ځم
ځمکنو,ځمکن
ځمکنی,ځمکن
ځمکه,ځمک
ځمکوال,ځمکوال
ځمکپوهن,ځمکپوهن
ځمکښوی,ځمکښو
ځمګ,ځمګ
ځمګه,ځمګ
ځناورو,ځناور
ځندولی,ځندو
ځنځیري,ځنځیر
ځنډ,ځنډ
ځنډاوه,ځنډاو
ځنډل,ځنډل
ځنډلو,ځنډل
ځنډن,ځنډن
ځنډني,ځنډن
ځنډنی,ځنډن
ځنډه,ځنډ
ځنډو,ځنډ
ځنډول,ځنډول
ځنډولو,ځنډول
ځنډولی,ځنډو
ځنډون,ځنډ
ځنډونه,ځنډ
ځنډونو,ځنډ
ځنډوونک,ځنډوونک
ځنډوځنډ,ځنډوځنډ
ځنډيدل,ځنډیدل
ځنډيل,ځنډیل
ځنډیدل,ځنډیدل
ځنډیدلای,ځنډیدلا
ځنډیدلو,ځنډیدل
ځنډیدلوله,ځنډیدلول
ځنډیدلی,ځنډید
ځنډیدو,ځنډید
ځنډیل,ځنډیل
ځنکلونو,ځنکل
ځنګ,ځنګ
ځنګل,ځنګل
ځنګلو,ځنګل
ځنګلونو,ځنګل
ځنګلي,ځنګ
ځنګليزه,ځنګلیز
ځنګه,ځنګ
ځنګولونو,ځنګول
ځنګون,ځنګ
ځنګړي,ځنګړ
ځنی,ځن
ځوابولی,ځوابو
ځوابونه,ځواب
ځوابوونکي,ځوابو
ځوابګوی,ځوابګو
ځوابګویه,ځوابګوی
ځوان,ځو
ځوانان,ځوان
ځوانو,ځو
ځواني,ځوان
ځوانکو,ځوانک
ځوانیمرګه,ځوانیمرګ
ځوانیمرګو,ځوانیمرګ
ځواکمنان,ځواکمن
ځواکمنتیا,ځواکمن
ځواکونه,ځواک
ځواکونهسیګار,ځواکونهسیګار
ځواکونوڅخه,ځواکونوڅخ
ځواکي,ځواک
ځواګ,ځواګ
ځوراوه,ځوراو
ځورن,ځورن
ځورون,ځور
ځوروون,ځورو
ځوروونکی,ځورو
ځوریږي,ځوریږ
ځونان,ځون
ځونانو,ځون
ځووراوه,ځووراو
ځوځات,ځوځات
ځوځښت,ځوځښت
ځوړتيا,ځوړ
ځوړند,ځوړند
ځوړنده,ځوړند
ځوړندولو,ځوړندول
ځوړندوم,ځوړندوم
ځوړوي,ځوړو
ځوړي,ځوړ
ځوږه,ځوږ
ځيرکتیا,ځیرک
ځيږ,ځیږ
ځيګر,ځیګر
ځپله,ځپل
ځپلونکي,ځپل
ځپلی,ځپ
ځپونګي,ځپون
ځپوونکي,ځپو
ځپوونکی,ځپو
ځپي,ځپ
ځډران,ځډر
ځډراڼ,ځډراڼ
ځډولي,ځډو
ځړ,ځړ
ځړول,ځړول
ځړولو,ځړول
ځړولي,ځړو
ځړولی,ځړو
ځکمن,ځکمن
ځکهسمه,ځکهسم
ځکوانو,ځکو
ځګ,ځګ
ځګر,ځګر
ځګه,ځګ
ځګونه,ځګ
ځڼدول,ځڼدول
ځڼغوزیو,ځڼغوزی
ځڼډیدو,ځڼډید
ځیرتیا,ځیر
ځیرکتوب,ځیرک
ځین,ځین
ځینوی,ځینو
ځیړنو,ځیړن
ځیړنیز,ځیړنیز
ځیږه,ځیږ
څادر,څادر
څادرو,څادر
څاران,څار
څارخون,څارخ
څارمن,څارمن
څارنوالان,څارنوال
څارنوالی,څارن
څارنګو,څارنګ
څاروونکو,څاروونک
څاروي,څارو
څاروی,څارو
څارډله,څارډل
څارکر,څارکر
څارګر,څارګر
څارګرو,څارګر
څارګري,څارګر
څارګریزو,څارګریز
څاری,څار
څان,څان
څانک,څانک
څانګ,څانګ
څانګان,څان
څانګه,څانګ
څانګو,څانګ
څانګي,څان
څانګړ,څانګړ
څانګړو,څانګړ
څانګړی,څانګړ
څانګی,څان
څاهګان,څاه
څاهګانو,څاه
څاو,څا
څاڅکی,څاڅک
څاګان,څا
څاګانو,څا
څاګاني,څاګان
څای,څا
څخاک,څخاک
څخهغوښتي,څخهغوښت
څراغان,څراغ
څرخولی,څرخو
څرخونه,څرخ
څرخکو,څرخک
څرخیږي,څرخیږ
څرنګ,څرنګ
څرنګتیا,څرنګ
څرنګوالي,څرنګ
څرنګولی,څرنګو
څرنګوړالي,څرنګوړا
څرنګیز,څرنګیز
څرنگه,څرنگ
څرول,څرول
څرولو,څرول
څرځايونه,څرځای
څرځایونه,څرځای
څرځایونو,څرځای
څرکندون,څرکند
څرکندوي,څرکندو
څرګده,څرګد
څرګند,څرګند
څرګندا,څرګندا
څرګنداوه,څرګنداو
څرګندشول,څرګندشول
څرګندن,څرګندن
څرګندهو,څرګنده
څرګندو,څرګند
څرګندول,څرګندول
څرګندولی,څرګندو
څرګندوم,څرګندوم
څرګندونه,څرګند
څرګندونوته,څرګندونوت
څرګندوني,څرګندون
څرګندوه,څرګندو
څرګندوي,څرګندو
څرګندويي,څرګندوی
څرګنديږي,څرګندیږ
څرګندیدل,څرګندیدل
څرګندیده,څرګندید
څرګندیزي,څرګندیز
څرګنډ,څرګنډ
څرگندون,څرگند
څرگندونکی,څرگند
څرگندوی,څرگندو
څرگندیږی,څرگندیږ
څلرویښت,څلرویښت
څلور,څلور
څلوراړخیزه,څلوراړخیز
څلورديرشم,څلوردیرشم
څلورزره,څلورزر
څلورسره,څلورسر
څلورمي,څلورم
څلورنیمو,څلورنیم
څلورویشتو,څلورویشت
څلورګونو,څلورګ
څلويښتو,څلویښت
څلوښت,څلوښت
څلویښتم,څلویښتم
څلویښتمه,څلویښتم
څلویښتو,څلویښت
څملاستلي,څملاست
څملاستلی,څملاست
څملاسته,څملاست
څمړه,څمړ
څمک,څمک
څمکن,څمکن
څمکنيو,څمکنی
څمکنی,څمکن
څندو,څند
څنډ,څنډ
څنډنه,څنډن
څنډه,څنډ
څنګ,څنګ
څنګزن,څنګزن
څنګزنه,څنګزن
څنګزنو,څنګزن
څنګشرف,څنګشرف
څنګل,څنګل
څنګلار,څنګلار
څنګلو,څنګل
څنګلور,څنګلور
څنګوري,څنګور
څنګړوب,څنګړوب
څنگ,څنگ
څهر,څهر
څوتنه,څوتن
څوتنو,څوتن
څوکي,څوک
څوی,څو
څيروونکي,څیرو
څيز,څیز
څيړل,څیړل
څيړلو,څیړل
څيړنيز,څیړنیز
څيړنيزو,څیړنیز
څيړونکو,څیړونک
څيړونکي,څیړ
څټ,څټ
څټه,څټ
څټي,څټ
څپان,څپ
څپانده,څپاند
څپرکی,څپرک
څپلیو,څپلی
څپونکی,څپ
څپیړه,څپیړ
څځه,څځ
څړنه,څړن
څړيک,څړیک
څړځايونه,څړځای
څړځايونو,څړځای
څړځایونه,څړځای
څړځایونو,څړځای
څړځي,څړځ
څښ,څښ
څښئ,څښئ
څښاکتوکو,څښاکتوک
څښاکځایونه,څښاکځای
څښتن,څښتن
څښتنان,څښتن
څښتنانو,څښتن
څښتنه,څښتن
څښتنو,څښتن
څښله,څښل
څښلو,څښل
څښلواو,څښلوا
څښلي,څښ
څښم,څښم
څښنده,څښند
څښو,څښ
څښولو,څښول
څښونکو,څښونک
څښونکي,څښ
څښي,څښ
څښکل,څښکل
څښی,څښ
څکله,څکل
څکلی,څک
څکمنیو,څکمنی
څکښل,څکښل
څڼ,څڼ
څڼور,څڼور
څڼورو,څڼور
څڼډ,څڼډ
څڼګ,څڼګ
څیرن,څیرن
څیرونو,څیر
څیرډلو,څیرډل
څیری,څیر
څیړ,څیړ
څیړلي,څیړ
څیړلی,څیړ
څیړنه,څیړن
څیړنو,څیړن
څیړنوکو,څیړنوک
څیړنیز,څیړنیز
څیړو,څیړ
څیړونو,څیړ
څیړونک,څیړونک
څیړونکو,څیړونک
څیړونکي,څیړ
څیړونکی,څیړ
څیړي,څیړ
چاراکو,چاراک
چاربانډ,چاربانډ
چارجینګ,چارجینګ
چاردر,چاردر
چارسمبالو,چارسمبال
چارمغزو,چارمغز
چارواکاو,چارواکا
چارټره,چارټر
چارچ,چارچ
چاقوګان,چاقو
چاندیګهړ,چاندیګهړ
چانګتانګ,چانګتانګ
چاودنی,چاودن
چاودى,چاودى
چاټکان,چاټک
چاپریال,چاپریال
چاپلوسانه,چاپلوس
چاپه,چاپ
چاړ,چاړ
چاڼوي,چاڼو
چاڼيز,چاڼیز
چاڼځایونو,چاڼځای
چاڼګر,چاڼګر
چبورډ,چبورډ
چتر,چتر
چتن,چتن
چتیسګر,چتیسګر
چتیسګړ,چتیسګړ
چرګان,چر
چرګوړو,چرګوړ
چرگ,چرگ
چریان,چر
چست,چست
چشم,چشم
چغندر,چغندر
چلرونه,چلر
چلند,چلند
چلینجرز,چلینجرز
چمتل,چمتل
چمتوکړی,چمتوکړ
چمپ,چمپ
چمپمن,چمپمن
چمپينز,چمپینز
چنانکه,چنانک
چنديګړ,چندیګړ
چنګاښ,چنګاښ
چنګیر,چنګیر
چنګیزخان,چنګیزخ
چهاتیسګړ,چهاتیسګړ
چهارشمب,چهارشمب
چهارشنبي,چهارشنب
چهتیسګړ,چهتیسګړ
چورتالان,چورتال
چورنوبیل,چورنوبیل
چوستس,چوستس
چونګ,چونګ
چوټه,چوټ
چوپړتیاوو,چوپړتیا
چوپړنو,چوپړن
چوپړونه,چوپړ
چوکاټ,چوکاټ
چوکاټي,چوکاټ
چوګاټ,چوګاټ
چيانګ,چیانګ
چيزه,چیز
چيټونو,چیټ
چيک,چیک
چُنر,چُنر
چټاګانګ,چټاګانګ
چټل,چټل
چټليو,چټلی
چټنی,چټن
چټکان,چټک
چټکتیا,چټک
چټکو,چټک
چټکوالی,چټک
چټکول,چټکول
چټکولی,چټکو
چټګ,چټګ
چټګه,چټګ
چپرګی,چپر
چپونو,چپ
چپټيګي,چپټی
چکروټي,چکروټ
چکټ,چکټ
چکډیمونه,چکډیم
چګپوړي,چګپوړ
چیانګ,چیانګ
چیمان,چیم
چیمپینز,چیمپینز
چینايی,چینای
چینله,چینل
چینو,چین
چینوټ,چینوټ
چینوک,چینوک
چیني,چین
چینپنګ,چینپنګ
چینی,چین
چینیايي,چینیای
چیټاګانګ,چیټاګانګ
چیچونکي,چیچ
ډآګه,ډآګ
ډائريکټر,ډائریکټر
ډار,ډار
ډارث,ډارث
ډارماټيکه,ډارماټیک
ډارولی,ډارو
ډارون,ډار
ډارونکي,ډار
ډارونکی,ډار
ډاروونک,ډاروونک
ډاروونکو,ډاروونک
ډاروونکی,ډارو
ډاريږم,ډاریږم
ډاريږمه,ډاریږم
ډاريکټر,ډاریکټر
ډاریږو,ډاریږ
ډاریږي,ډاریږ
ډاریکټر,ډاریکټر
ډاس,ډاس
ډاكټران,ډاکټر
ډالرلګښت,ډالرلګښت
ډالرړ,ډالرړ
ډالرږ,ډالرږ
ډالمیرکامره,ډالمیرکامر
ډاله,ډال
ډالټن,ډالټن
ډالی,ډا
ډانان,ډان
ډانسینګ,ډانسینګ
ډانون,ډان
ډانډیا,ډانډیا
ډانګ,ډانګ
ډانګي,ډان
ډانګی,ډان
ډانی,ډان
ډانیل,ډانیل
ډانیلز,ډانیلز
ډاون,ډا
ډاونډيټکټر,ډاونډیټکټر
ډاونډیټکټر,ډاونډیټکټر
ډايريکټر,ډایریکټر
ډايون,ډای
ډاټ,ډاټ
ډاټسن,ډاټسن
ډاپنګ,ډاپنګ
ډاپینګ,ډاپینګ
ډاډسون,ډاډس
ډاډمن,ډاډمن
ډاډمنتیا,ډاډمن
ډاډمنولای,ډاډمنولا
ډاډه,ډاډ
ډاډګ,ډاډګ
ډاډګيرنه,ډاډګیرن
ډاډګیرنه,ډاډګیرن
ډاړلو,ډاړل
ډاکتری,ډاکتر
ډاکومنټ,ډاکومنټ
ډاکيومنټ,ډاکیومنټ
ډاکټال,ډاکټال
ډاکټر,ډاکټر
ډاکټرامین,ډاکټرامین
ډاکټرانوو,ډاکټران
ډاکټراټو,ډاکټراټ
ډاکټرماه,ډاکټرما
ډاکټره,ډاکټر
ډاکټرهو,ډاکټره
ډاکټرو,ډاکټر
ډاکټرپیکس,ډاکټرپیکس
ډاګتر,ډاګتر
ډاګتره,ډاګتر
ډاګلو,ډاګل
ډاګونو,ډاګ
ډاګټر,ډاګټر
ډاګټرانو,ډاګټر
ډاګیزه,ډاګیز
ډاګیزولو,ډاګیزول
ډاګیزوونکي,ډاګیزو
ډایاګ,ډایاګ
ډایرکټ,ډایرکټ
ډایرکټران,ډایرکټر
ډایرکټرانو,ډایرکټر
ډایرکټره,ډایرکټر
ډایناسورونه,ډایناسور
ډایوکسین,ډایوکسین
ډایټ,ډایټ
ډایټیشن,ډایټیشن
ډایکنډی,ډایکنډ
ډایګو,ډایګ
ډاییر,ډاییر
ډبفي,ډبف
ډبلوالی,ډبل
ډبليو,ډبلی
ډبلین,ډبلین
ډبلیوایج,ډبلیوایج
ډبو,ډب
ډبګی,ډب
ډبیو,ډبی
ډرافټ,ډرافټ
ډرافټینګ,ډرافټینګ
ډراماټيک,ډراماټیک
ډراپ,ډراپ
ډراک,ډراک
ډرایوران,ډرایور
ډرماټالوژ,ډرماټالوژ
ډرماټولوجسټ,ډرماټولوجسټ
ډرمونه,ډرم
ډروز,ډروز
ډرونډ,ډرونډ
ډرک,ډرک
ډریک,ډریک
ډریکسن,ډریکسن
ډز,ډز
ډزبند,ډزبند
ډزون,ډز
ډزووژلی,ډزووژ
ډسبمر,ډسبمر
ډسمبرڅلورم,ډسمبرڅلورم
ډسټرک,ډسټرک
ډسک,ډسک
ډسکټاپ,ډسکټاپ
ډسیمبر,ډسیمبر
ډفون,ډف
ډلبنديلومړ,ډلبندیلومړ
ډلهییزه,ډلهییز
ډلهییزو,ډلهییز
ډلي,ډل
ډلټا,ډلټا
ډلګ,ډلګ
ډلګي,ډل
ډلګيمشرانو,ډلګیمشر
ډلګیو,ډلګی
ډمبل,ډمبل
ډموکراټانو,ډموکراټ
ډموکراټیک,ډموکراټیک
ډموکراټیکو,ډموکراټیک
ډمټرک,ډمټرک
ډمپنګ,ډمپنګ
ډنالډ,ډنالډ
ډنبرا,ډنبرا
ډنلوپ,ډنلوپ
ډنمارکی,ډنمارک
ډنيو,ډنی
ډنټ,ډنټ
ډنډر,ډنډر
ډنډوره,ډنډور
ډنډونګ,ډنډونګ
ډنډپتان,ډنډپت
ډنډپټان,ډنډپټ
ډنکن,ډنکن
ډنګ,ډنګ
ډنګرلیګډ,ډنګرلیګډ
ډنګره,ډنګر
ډنګرو,ډنګر
ډنګروالي,ډنګر
ډنګریدو,ډنګرید
ډنګه,ډنګ
ډنګوي,ډنګو
ډنی,ډن
ډهلی,ډه
ډواړو,ډواړ
ډوب,ډوب
ډوبروټوی,ډوبروټو
ډوبينګ,ډوبینګ
ډوبیږو,ډوبیږ
ډوبیږي,ډوبیږ
ډور,ډور
ډوربینټ,ډوربینټ
ډوروتي,ډوروت
ډوزونه,ډوز
ډوسان,ډوس
ډومونټ,ډومونټ
ډومينګیز,ډومینګیز
ډومینګیز,ډومینګیز
ډومینیون,ډومینی
ډومینیکن,ډومینیکن
ډونان,ډون
ډونلان,ډونل
ډونلوډ,ډونلوډ
ډونه,ډون
ډونووان,ډونوو
ډونټ,ډونټ
ډونکان,ډونک
ډونګ,ډونګ
ډوور,ډوور
ډوپينګ,ډوپینګ
ډوډی,ډوډ
ډوړله,ډوړل
ډوک,ډوک
ډوکاټونه,ډوکاټ
ډوی,ډو
ډویل,ډویل
ډویژن,ډویژن
ډيالوګ,ډیالوګ
ډيانا,ډیانا
ډيبلوماسي,ډیبلوماس
ډيجيټل,ډیجیټل
ډيجیټل,ډیجیټل
ډيجیټلي,ډیجیټ
ډيرزر,ډیرزر
ډيريږي,ډیریږ
ډيزان,ډیز
ډيزاین,ډیزاین
ډيزایننګ,ډیزایننګ
ډيسانټیس,ډیسانټیس
ډيسمورفي,ډیسمورف
ډيسکټاپ,ډیسکټاپ
ډيلپورټ,ډیلپورټ
ډيلی,ډی
ډيموکراټ,ډیموکراټ
ډيموکراټيکه,ډیموکراټیک
ډيموکراټیکو,ډیموکراټیک
ډيمينشيا,ډیمینشیا
ډين,ډین
ډيورينډ,ډیورینډ
ډيويي,ډیوی
ډيوګان,ډیو
ډيټ,ډیټ
ډيټا,ډیټا
ډيټاب,ډیټاب
ډيټیکټر,ډیټیکټر
ډيپلمات,ډیپلمات
ډيپلومات,ډیپلومات
ډيپلوماټ,ډیپلوماټ
ډيپلوماټان,ډیپلوماټ
ډيپلوماټيک,ډیپلوماټیک
ډيپلوماټيکي,ډیپلوماټیک
ډيپلوماټیکو,ډیپلوماټیک
ډيپو,ډیپ
ډيپورت,ډیپورت
ډيپوګان,ډیپو
ډيپیکا,ډیپیکا
ډيکن,ډیکن
ډيګ,ډیګ
ډيګر,ډیګر
ډپلومات,ډپلومات
ډپلوماتان,ډپلومات
ډپلوماتیکو,ډپلوماتیک
ډپلوماټ,ډپلوماټ
ډپلوماټانو,ډپلوماټ
ډډ,ډډ
ډډه,ډډ
ډکار,ډکار
ډکولای,ډکولا
ډکوله,ډکول
ډکوم,ډکوم
ډکوټا,ډکوټا
ډکټ,ډکټ
ډکټر,ډکټر
ډکیږي,ډکیږ
ډګ,ډګ
ډګراو,ډګرا
ډګرجنرال,ډګرجنرال
ډګرساتن,ډګرساتن
ډګرساتنه,ډګرساتن
ډګرساتونکو,ډګرساتونک
ډګرساتونکي,ډګرسات
ډګره,ډګر
ډګرواله,ډګروال
ډګرونو,ډګر
ډګرک,ډګرک
ډګریز,ډګریز
ډګلس,ډګلس
ډګه,ډګ
ډګو,ډګ
ډګولډ,ډګولډ
ډگرمن,ډگرمن
ډڼ,ډڼ
ډی,ډی
ډیالوژ,ډیالوژ
ډیالوګ,ډیالوګ
ډیانا,ډیانا
ډیبورا,ډیبورا
ډیجان,ډیج
ډیجيټل,ډیجیټل
ډیجټلي,ډیجټ
ډیجیټل,ډیجیټل
ډیجیټلایزیشن,ډیجیټلایزیشن
ډیران,ډیر
ډیربورن,ډیربورن
ډیردیته,ډیردیت
ډیرغړي,ډیرغړ
ډیرو,ډیر
ډیرولای,ډیرولا
ډیری,ډیر
ډیریز,ډیریز
ډیریوی,ډیریو
ډیریږي,ډیریږ
ډیزان,ډیز
ډیزاینران,ډیزاینر
ډیزایونونه,ډیزایون
ډیزرټ,ډیزرټ
ډیزلي,ډیز
ډیسانتیس,ډیسانتیس
ډیسانټ,ډیسانټ
ډیسانټیس,ډیسانټیس
ډیسای,ډیسا
ډیسرټ,ډیسرټ
ډیسل,ډیسل
ډیسلين,ډیسلین
ډیسټرایر,ډیسټرایر
ډیسپل,ډیسپل
ډیسکامبوبولیټور,ډیسکامبوبولیټور
ډیسکټاپ,ډیسکټاپ
ډیسی,ډیس
ډیفلاسیون,ډیفلاسی
ډیفکټو,ډیفکټ
ډیلارام,ډیلارام
ډیلاویر,ډیلاویر
ډیلسی,ډیلس
ډیلن,ډیلن
ډیلني,ډیلن
ډیلون,ډیل
ډیلګاډو,ډیلګاډ
ډیلی,ډی
ډیمونو,ډیم
ډیمونټ,ډیمونټ
ډیموکرا,ډیموکرا
ډیموکراتان,ډیموکرات
ډیموکراته,ډیموکرات
ډیموکراتیکو,ډیموکراتیک
ډیموکراسي,ډیموکراس
ډیموکراټ,ډیموکراټ
ډیموکراټان,ډیموکراټ
ډیموکراټانو,ډیموکراټ
ډیموکراټيک,ډیموکراټیک
ډیموکراټیکه,ډیموکراټیک
ډیموکراټیکو,ډیموکراټیک
ډیمچک,ډیمچک
ډیمیتریف,ډیمیتریف
ډیمینسټي,ډیمینسټ
ډیمیټریف,ډیمیټریف
ډیناسوران,ډیناسور
ډینامکس,ډینامکس
ډینامیټ,ډینامیټ
ډینن,ډینن
ډینګ,ډینګ
ډینګر,ډینګر
ډینګو,ډینګ
ډیورانډ,ډیورانډ
ډیورنډ,ډیورنډ
ډیورڼد,ډیورڼد
ډیولپمنټس,ډیولپمنټس
ډیون,ډی
ډیوي,ډیو
ډیويس,ډیویس
ډیويډ,ډیویډ
ډیوټرم,ډیوټرم
ډیوټروم,ډیوټروم
ډیوینپورټ,ډیوینپورټ
ډیویټ,ډیویټ
ډیویډیان,ډیویډ
ډیټ,ډیټ
ډیټا,ډیټا
ډیټاب,ډیټاب
ډیټابیس,ډیټابیس
ډیټاګانو,ډیټا
ډیټرایټ,ډیټرایټ
ډیټرز,ډیټرز
ډیټرویټ,ډیټرویټ
ډیټول,ډیټول
ډیټولو,ډیټول
ډیټیکټر,ډیټیکټر
ډیپارتمنټ,ډیپارتمنټ
ډیپلوماتان,ډیپلومات
ډیپلوماتجاولون,ډیپلوماتجاول
ډیپلوماټان,ډیپلوماټ
ډیپلوماټیکو,ډیپلوماټیک
ډیپلوماټیکي,ډیپلوماټیک
ډیپوزټ,ډیپوزټ
ډیپوزټونو,ډیپوزټ
ډیپوګانو,ډیپو
ډیډلیفټ,ډیډلیفټ
ډیډيکټر,ډیډیکټر
ډیړو,ډیړ
ډیکره,ډیکر
ډیکسن,ډیکسن
ډیکنسون,ډیکنس
ډیکو,ډیک
ډیکوک,ډیکوک
ډیکینګ,ډیکینګ
ډیګانډ,ډیګانډ
ړان,ړان
ړاو,ړا
ړتیا,ړتیا
ړلی,ړل
ړملتونو,ړملت
ړمنئ,ړمنئ
ړن,ړن
ړند,ړند
ړني,ړن
ړنيزو,ړنیز
ړنډل,ړنډل
ړنډله,ړنډل
ړنډلو,ړنډل
ړنګ,ړنګ
ړنګه,ړنګ
ړنګو,ړنګ
ړنګولو,ړنګول
ړنګوي,ړنګو
ړنګیدو,ړنګید
ړنګیږي,ړنګیږ
ړوالی,ړوا
ړول,ړول
ړوندتوب,ړوند
ړوندتیا,ړوند
ړوندوالی,ړوند
ړوندي,ړوند
ړونکي,ړونک
ړونکی,ړونک
ړوښ,ړوښ
ړډالاس,ړډالاس
ړی,ړی
ږد,ږد
ږدلي,ږد
ږدلی,ږد
ږدولو,ږدول
ږدولی,ږدو
ږدونو,ږد
ږدونکی,ږد
ږدوو,ږد
ږدوونک,ږدوونک
ږدوونکی,ږدو
ږدوړ,ږدوړ
ږديږ,ږدیږ
ږدیز,ږدیز
ږمنځو,ږمنځ
ږنتون,ږنت
ږنون,ږن
ږنيونه,ږنی
ږنځای,ږنځا
ږنیون,ږنی
ږولای,ږولا
ږولی,ږو
ږون,ږون
ږونو,ږون
ږونکی,ږونک
ږوونکی,ږو
ږوي,ږو
ږوی,ږو
ږي,ږي
ږياو,ږیا
ږيد,ږید
ږی,ږی
ږیان,ږی
ږیده,ږید
ږیريتوب,ږیری
ږیری,ږیر
ږیو,ږی
ږیږولی,ږیږو
ژال,ژال
ژانده,ژاند
ژاندو,ژاند
ژانرونو,ژانر
ژاوشینګ,ژاوشینګ
ژاولي,ژاو
ژاړو,ژاړ
ژباړم,ژباړم
ژباړن,ژباړن
ژبپوهان,ژبپوه
ژبپوهنه,ژبپوهن
ژرندګړی,ژرندګړ
ژرګډون,ژرګډ
ژغورونکو,ژغورونک
ژغونرن,ژغونرن
ژندګلوی,ژندګلو
ژنګلو,ژنګل
ژنی,ژن
ژورخپګان,ژورخپ
ژورنالیزم,ژورنالیزم
ژورنالیستیک,ژورنالیستیک
ژومانګارين,ژومانګارین
ژومانګرين,ژومانګرین
ژومانگارینټینګار,ژومانگارینټینګار
ژومند,ژومند
ژوندونو,ژوند
ژوندګواښ,ژوندګواښ
ژوونکي,ژو
ژوڼک,ژوڼک
ژړلی,ژړ
ژړندی,ژړند
ژیاړه,ژیاړ
ژیل,ژیل
ژیړ,ژیړ
ښا,ښا
ښادولم,ښادولم
ښارامان,ښارام
ښارجوړولو,ښارجوړول
ښارجوړون,ښارجوړ
ښارساز,ښارساز
ښارمان,ښارم
ښاروال,ښاروال
ښاروالان,ښاروال
ښاروالانو,ښاروال
ښاروالي,ښار
ښارواليو,ښاروالی
ښاروالی,ښار
ښارولي,ښارو
ښاري,ښار
ښاريان,ښار
ښارړنو,ښارړن
ښارګه,ښارګ
ښارګوت,ښارګوت
ښارګوتي,ښارګوت
ښارګونو,ښارګ
ښارګوټ,ښارګوټ
ښارګوټي,ښارګوټ
ښاری,ښار
ښاغلی,ښاغ
ښاماران,ښامار
ښاني,ښان
ښای,ښا
ښتان,ښت
ښتو,ښت
ښتیا,ښتیا
ښتیونولي,ښتیونو
ښخوته,ښخوت
ښخول,ښخول
ښخي,ښخ
ښخیدل,ښخیدل
ښخینه,ښخین
ښده,ښد
ښدی,ښد
ښرنه,ښرن
ښمنانو,ښمن
ښمنونک,ښمنونک
ښمنونکی,ښمن
ښمنوونکی,ښمنو
ښمینه,ښمین
ښنالیک,ښنالیک
ښنالیکونه,ښنالیک
ښنانيي,ښنانی
ښناي,ښنا
ښناييزو,ښناییز
ښناکوټو,ښناکوټ
ښناکوټونه,ښناکوټ
ښناکوټونو,ښناکوټ
ښندلی,ښند
ښنول,ښنول
ښنګري,ښنګر
ښنګريله,ښنګریل
ښنګرکي,ښنګرک
ښنګری,ښنګر
ښنی,ښن
ښهوالی,ښه
ښوالی,ښوا
ښودلای,ښودلا
ښودلوګواښ,ښودلوګواښ
ښودلی,ښود
ښوده,ښود
ښودولو,ښودول
ښودونک,ښودونک
ښودونکي,ښود
ښودی,ښود
ښوراندام,ښوراندام
ښورولی,ښورو
ښوریږي,ښوریږ
ښولو,ښول
ښولی,ښو
ښون,ښون
ښونځ,ښونځ
ښونځيو,ښونځی
ښونځیو,ښونځی
ښونک,ښونک
ښونکی,ښونک
ښوو,ښو
ښوودل,ښوودل
ښوودنځیو,ښوودنځی
ښوولی,ښوو
ښوون,ښو
ښوونه,ښو
ښوونځخي,ښوونځخ
ښوونځى,ښوونځى
ښوونځي,ښوونځ
ښوونځيو,ښوونځی
ښوونځینو,ښوونځین
ښوونځیواو,ښوونځیوا
ښوونځیوک,ښوونځیوک
ښوونک,ښوونک
ښوونکی,ښو
ښوونیز,ښوونیز
ښوونیځیو,ښوونیځی
ښووی,ښوو
ښوځپل,ښوځپل
ښوی,ښو
ښویدل,ښویدل
ښویدن,ښویدن
ښوین,ښوین
ښویندوک,ښویندوک
ښویه,ښوی
ښيږي,ښیږ
ښيګڼو,ښیګڼ
ښيی,ښی
ښځتابه,ښځتاب
ښځضد,ښځضد
ښځط,ښځط
ښځمنو,ښځمن
ښځنو,ښځن
ښځواو,ښځوا
ښځواوسیدلو,ښځواوسیدل
ښځوته,ښځوت
ښځولاسرسی,ښځولاسرس
ښځوونځي,ښځوونځ
ښځوونځیو,ښځوونځی
ښځي,ښځ
ښځينهوو,ښځینه
ښځيه,ښځی
ښځیان,ښځ
ښځینتوب,ښځین
ښځینه,ښځین
ښځینو,ښځین
ښځیه,ښځی
ښکارندوی,ښکارندو
ښکارندویی,ښکارندوی
ښکاروله,ښکارول
ښکاريان,ښکار
ښکارکوونکو,ښکارکوونک
ښکاری,ښکار
ښکاریان,ښکار
ښکاریږي,ښکاریږ
ښکر,ښکر
ښکل,ښکل
ښکلاو,ښکلا
ښکلاييز,ښکلاییز
ښکلاګان,ښکلا
ښکلاګانو,ښکلا
ښکلولای,ښکلولا
ښکلوي,ښکلو
ښکلى,ښکلى
ښکلیتیا,ښکلی
ښکنځلمارو,ښکنځلمار
ښکنځلو,ښکنځل
ښکيلاکګر,ښکیلاکګر
ښکيلاکګرو,ښکیلاکګر
ښکيلتیا,ښکیل
ښکيلو,ښکیل
ښکیلتیا,ښکیل
ښګاره,ښګار
ښګیڼ,ښګیڼ
ښڼ,ښڼ
ښڼه,ښڼ
ښی,ښی
ښیم,ښیم
ښیندلی,ښیند
ښیو,ښی
ښیوو,ښی
ښیګنو,ښیګن
ښیګڼ,ښیګڼ
ښیی,ښی
کابلوف,کابلوف
کابلیان,کابل
کاترا,کاترا
کاتز,کاتز
کاج,کاج
کادمور,کادمور
کار,کار
کاراسیک,کاراسیک
کاراګانډا,کاراګانډا
کاربدلی,کاربد
کاربوهايډريټ,کاربوهایډریټ
کاربوهایډریت,کاربوهایډریت
کاربوهایډریټس,کاربوهایډریټس
کاربوهایډریټونو,کاربوهایډریټ
کارتالکایا,کارتالکایا
کارخونط,کارخونط
کاردار,کاردار
کاردویز,کاردویز
کارشناسان,کارشناس
کارلوس,کارلوس
کارلټن,کارلټن
کارم,کارم
کارمان,کارم
کارمنانو,کارمن
کارنده,کارند
کارنګیګي,کارنګی
کارنیکا,کارنیکا
کارون,کار
کارونک,کارونک
کاروپوهانو,کاروپوه
کاروکړی,کاروکړ
کاروی,کارو
کارټلونو,کارټل
کارټون,کارټ
کارټونیسټ,کارټونیسټ
کارپوهه,کارپوه
کارپیو,کارپی
کارځای,کارځا
کارډمین,کارډمین
کارډینالانو,کارډینال
کارډیولوژی,کارډیولوژ
کارکردګ,کارکردګ
کارکړی,کارکړ
کارګري,کارګر
کارګو,کارګ
کارګومارن,کارګومارن
کارگرو,کارگر
کاریبین,کاریبین
کاستان,کاست
کاسرګوډ,کاسرګوډ
کاسلاني,کاسلان
کاسټیرا,کاسټیرا
کاظم,کاظم
کافرون,کافر
کافرُون,کافرُ
کافين,کافین
کالاګان,کالا
کالبوت,کالبوت
کالجونو,کالج
کالرا,کالرا
کالوني,کالون
کالونګان,کالون
کالي,کا
کاليفورنیا,کالیفورنیا
کالډر,کالډر
کالډرون,کالډر
کالیز,کالیز
کالینګووډ,کالینګووډ
کالیوم,کالیوم
کاماراګو,کاماراګ
کامياب,کامیاب
کامپیلوباکټر,کامپیلوباکټر
کامګار,کامګار
کامیډین,کامیډین
کانات,کانات
کاناډای,کاناډا
کاناډایان,کاناډا
کاناډایانو,کاناډا
کاناډایی,کاناډای
کانتين,کانتین
کاندیدانو,کاندید
کاندیډیازس,کاندیډیازس
کانز,کانز
کانسټبلري,کانسټبلر
کانسټیټیوشن,کانسټیټیوشن
کانټر,کانټر
کانټينران,کانټینر
کانټينرونو,کانټینر
کانډلر,کانډلر
کانډم,کانډم
کانګولیان,کانګول
کانګړه,کانګړ
کانیزو,کانیز
کاهیسو,کاهیس
کاولوریاس,کاولوریاس
کاونډ,کاونډ
کاوه,کاو
کاوونکو,کاوونک
کاى,کاى
کاټلنګ,کاټلنګ
کاټو,کاټ
کاپتاګون,کاپتاګ
کاپورالاتو,کاپورالات
کاپټیلز,کاپټیلز
کاچوغه,کاچوغ
کاکردګ,کاکردګ
کاکړافغانستان,کاکړافغانست
کاګامه,کاګام
کاګران,کاګر
کاګیان,کاګ
کاڼی,کاڼ
کایلین,کایلین
کباب,کباب
کبابونه,کباب
کبوتز,کبوتز
کبير,کبیر
کبښودل,کبښودل
کبیر,کبیر
کتابپلورنځي,کتابپلورنځ
کتابپلورنځی,کتابپلورنځ
کتلور,کتلور
کتنځای,کتنځا
کتنځایونو,کتنځای
کتور,کتور
کتک,کتک
کتګوری,کتګور
کدوال,کدوال
کراسنګ,کراسنګ
کراوډ,کراوډ
کرایسټ,کرایسټ
کرب,کرب
کرخست,کرخست
کردم,کردم
کرسټل,کرسټل
کرسټوفر,کرسټوفر
کرش,کرش
کرلینګ,کرلینګ
کرناویروس,کرناویروس
کرناټک,کرناټک
کرنس,کرنس
کرنل,کرنل
کرهنه,کرهن
کرهڼيزو,کرهڼیز
کرهڼیز,کرهڼیز
کرون,کر
کروناویروسونه,کروناویروس
کروناویرویس,کروناویرویس
کروندکرو,کروندکر
کرونوبیولوژي,کرونوبیولوژ
کرونوټایپ,کرونوټایپ
کرځیدلی,کرځید
کرکټبورډ,کرکټبورډ
کرکټر,کرکټر
کرکټورنه,کرکټورن
کرکچن,کرکچن
کریدت,کریدت
کریستلي,کریست
کریسټف,کریسټف
کریسټیان,کریسټ
کریټزفیلډ,کریټزفیلډ
کریټونو,کریټ
کریچ,کریچ
کریډټ,کریډټ
کریډیټ,کریډیټ
کسإپاڼه,کسإپاڼ
کسامیتازون,کسامیتاز
کسبونو,کسب
کستان,کست
کستانی,کستان
کسروي,کسرو
کسمار,کسمار
کسماري,کسمار
کسيره,کسیر
کسپاڼ,کسپاڼ
کسیزه,کسیز
کشتمند,کشتمند
کشتواړ,کشتواړ
کشنونه,کشن
کفار,کفار
کفاسټ,کفاسټ
کفتر,کفتر
کفري,کفر
کفو,کف
کفور,کفور
کلابریا,کلابریا
کلاشینکوفونو,کلاشینکوف
کلاهک,کلاهک
کلاچه,کلاچ
کلاګان,کلا
کلایټن,کلایټن
کلبونو,کلب
کلراډو,کلراډ
کلروهیډرین,کلروهیډرین
کلستر,کلستر
کلسټرولو,کلسټرول
کلسټرونو,کلسټر
کلسټریډیم,کلسټریډیم
کلفورینیا,کلفورینیا
کلمو,کلم
کلنس,کلنس
کلنټن,کلنټن
کلهړ,کلهړ
کلوبونو,کلوب
کلوراډو,کلوراډ
کلومټر,کلومټر
کلومیټره,کلومیټر
کلوګا,کلوګا
کلي,کل
کليوالوښځوته,کلیوالوښځوت
کلکوالی,کلک
کلکټه,کلکټ
کلکیږي,کلکیږ
کلګاري,کلګار
کلیر,کلیر
کلیزه,کلیز
کلیساګان,کلیسا
کلیفرډ,کلیفرډ
کلیم,کلیم
کلینګا,کلینګا
کلیواليو,کلیوالی
کلیوالیو,کلیوالی
کلیپونو,کلیپ
کلیډ,کلیډ
کمالونه,کمال
کمالی,کما
کمانډوګان,کمانډو
کمانډوګانو,کمانډو
کمب,کمب
کمرزوي,کمرزو
کمرون,کمر
کمرګ,کمرګ
کمزور,کمزور
کمونکو,کمونک
کمووالی,کمو
کميټي,کمیټ
کمپل,کمپل
کمپله,کمپل
کمپليکس,کمپلیکس
کمپنو,کمپن
کمپوزر,کمپوزر
کمپينو,کمپین
کمپیوټ,کمپیوټ
کمپیوټرخون,کمپیوټرخ
کمپیوټرخونو,کمپیوټرخ
کمپیوټرونه,کمپیوټر
کمپیوټرونو,کمپیوټر
کمپیوټري,کمپیوټر
کمپیوټینګ,کمپیوټینګ
کمډین,کمډین
کمک,کمک
کمکي,کمک
کمیابیه,کمیابی
کمیدو,کمید
کمیشنر,کمیشنر
کمین,کمین
کمینټونو,کمینټ
کمیټه,کمیټ
کمیټو,کمیټ
کمیټي,کمیټ
کنتارو,کنتار
کنترولیږي,کنترولیږ
کندیوال,کندیوال
کنزینګټون,کنزینګټ
کنسرتي,کنسرت
کنسرتیوم,کنسرتیوم
کنسرسیوم,کنسرسیوم
کنسرسیون,کنسرسی
کنفډراسیون,کنفډراسی
کنټان,کنټ
کنټرولران,کنټرولر
کنټرولوله,کنټرولول
کنټرولیږي,کنټرولیږ
کنځلو,کنځل
کنډ,کنډ
کنډوان,کنډو
کنډوم,کنډوم
کنډکټر,کنډکټر
کنډکټره,کنډکټر
کنډکټرونو,کنډکټر
کنډی,کنډ
کنډیان,کنډ
کنډیشن,کنډیشن
کنګال,کنګال
کنګر,کنګر
کنګریټي,کنګریټ
کنګل,کنګل
کهمرد,کهمرد
کهڅه,کهڅ
کهکشان,کهکش
کوآرډین,کوآرډین
کوئنټن,کوئنټن
کوئټ,کوئټ
کوارټر,کوارټر
کوارټرفاینل,کوارټرفاینل
کواشیرکور,کواشیرکور
کوالیفایرو,کوالیفایر
کوانګ,کوانګ
کواډکاپټرز,کواډکاپټرز
کواډکوپټر,کواډکوپټر
کوتوفسک,کوتوفسک
کوتڅنډنه,کوتڅنډن
کودګران,کودګر
کور,کور
کوراکاو,کوراکا
کوربت,کوربت
کوربیت,کوربیت
کورتیس,کورتیس
کورتییس,کورتییس
کورددي,کوردد
کورماشیوا,کورماشیوا
کورونایي,کورونای
کورټیزول,کورټیزول
کورټینای,کورټینا
کوریزه,کوریز
کورینا,کورینا
کوستیوکوف,کوستیوکوف
کوسل,کوسل
کوسټا,کوسټا
کوسټاریکا,کوسټاریکا
کوشنر,کوشنر
کولاجن,کولاجن
کولر,کولر
کولمه,کولم
کولنز,کولنز
کولودکین,کولودکین
کولولو,کولول
کولپونه,کولپ
کولیسټروسیفیرول,کولیسټروسیفیرول
کولیکټیف,کولیکټیف
کوماندو,کوماند
کومبوچا,کومبوچا
کومکونه,کومک
کومیرناټي,کومیرناټ
کونټاګل,کونټاګل
کونټی,کونټ
کونډو,کونډ
کونډي,کونډ
کونډی,کونډ
کوهستاناتو,کوهستانات
کوهلي,کوه
کوهیان,کوه
کووم,کووم
کوونه,کو
کوويد,کووید
کوویچ,کوویچ
کوټو,کوټ
کوټړو,کوټړ
کوټکي,کوټک
کوپړ,کوپړ
کوڅه,کوڅ
کوچنيان,کوچن
کوچنیانو,کوچن
کوچنیوالي,کوچنی
کوچینګ,کوچینګ
کوډز,کوډز
کوډګرو,کوډګر
کوډین,کوډین
کوډینګ,کوډینګ
کوړنګل,کوړنګل
کوږوالي,کوږ
کوکنارو,کوکنار
کوکټلونو,کوکټل
کوګان,کو
کوڼ,کوڼ
کوینزلنډ,کوینزلنډ
کوینزټاون,کوینزټا
کویو,کوی
کویټ,کویټ
کيفته,کیفت
کيفي,کیف
کيفیټ,کیفیټ
کيلوګرام,کیلوګرام
کينګز,کینګز
کيپلاګاټ,کیپلاګاټ
کيچ,کیچ
کيږئ,کیږئ
کيږی,کیږ
کيښودل,کیښودل
کيښوده,کیښود
کيکاږلو,کیکاږل
کيڼ,کیڼ
کُردستان,کُردست
کټ,کټ
کټاي,کټا
کټاټور,کټاټور
کټاپلټ,کټاپلټ
کټاک,کټاک
کټبورډ,کټبورډ
کټبورډونو,کټبورډ
کټرونه,کټر
کټرینګ,کټرینګ
کټمانډو,کټمانډ
کټمنډو,کټمنډ
کټو,کټ
کټوازی,کټواز
کټورلارښود,کټورلارښود
کټوریا,کټوریا
کټګوري,کټګور
کټګوريو,کټګوری
کټګوریو,کټګوری
کټیو,کټی
کپسولونو,کپسول
کپټان,کپټ
کپټلز,کپټلز
کڅوړل,کڅوړل
کڅګوړ,کڅګوړ
کچخ,کچخ
کچلاغ,کچلاغ
کچلاک,کچلاک
کچوړي,کچوړ
کچي,کچ
کډال,کډال
کډوالږ,کډوالږ
کډوالی,کډ
کډوالیو,کډوالی
کډولو,کډول
کډون,کډ
کډوګر,کډوګر
کړاو,کړا
کړاونه,کړا
کړاوی,کړاو
کړاچ,کړاچ
کړای,کړا
کړدی,کړد
کړله,کړل
کړلو,کړل
کړنوپه,کړنوپ
کړنګ,کړنګ
کړنګل,کړنګل
کړهلیک,کړهلیک
کړهی,کړه
کړوا,کړوا
کړوسیان,کړوس
کړونک,کړونک
کړوونکی,کړو
کړيالان,کړیال
کړياو,کړیا
کړيچ,کړیچ
کړکیچ,کړکیچ
کړکیچنو,کړکیچن
کړګ,کړګ
کړی,کړ
کړیالان,کړیال
کړیاله,کړیال
کړیان,کړ
کړیدلی,کړید
کړیدی,کړید
کړیږو,کړیږ
کښتو,کښت
کښلی,کښ
کښولو,کښول
کښونکی,کښ
کښی,کښ
کښیني,کښین
کښینږدي,کښینږد
کښیږدي,کښیږد
ککوي,ککو
ککړ,ککړ
ککړتيا,ککړ
ککړوالی,ککړ
ککړولی,ککړو
ککړوونکو,ککړوونک
ککړيږي,ککړیږ
ککړیدل,ککړیدل
کګ,کګ
کګړ,کګړ
کڼوالی,کڼ
کڼونکی,کڼ
کڼټرول,کڼټرول
کھنه,کھن
کیاران,کیار
کیدوهڅ,کیدوهڅ
کیرتون,کیرت
کیرسټن,کیرسټن
کیرفور,کیرفور
کیست,کیست
کیشم,کیشم
کیشو,کیش
کیلومټره,کیلومټر
کیلوواټ,کیلوواټ
کیلوولټ,کیلوولټ
کیمبل,کیمبل
کیمیاګر,کیمیاګر
کینا,کینا
کیندن,کیندن
کینسنګټن,کینسنګټن
کینسنګټون,کینسنګټ
کینسګټون,کینسګټ
کینسینګټن,کینسینګټن
کینيچي,کینیچ
کینډر,کینډر
کینګزلوبډل,کینګزلوبډل
کینګزلي,کینګز
کینګډاو,کینګډا
کیهاني,کیهان
کیوته,کیوت
کیور,کیور
کیومنز,کیومنز
کیوندیش,کیوندیش
کیوځي,کیوځ
کیټرودا,کیټرودا
کیټسیماتیډیس,کیټسیماتیډیس
کیټلسون,کیټلس
کیټي,کیټ
کیټی,کیټ
کیپټان,کیپټ
کیچونه,کیچ
کیچینګ,کیچینګ
کیډمور,کیډمور
کیږده,کیږد
کیږدی,کیږد
کیږوي,کیږو
کیږيدی,کیږید
کیږی,کیږ
ګابارډ,ګابارډ
ګابریسوس,ګابریسوس
ګاج,ګاج
ګارسون,ګارس
ګارسونان,ګارسون
ګارفیلډ,ګارفیلډ
ګارلنډ,ګارلنډ
ګارنټ,ګارنټ
ګارډ,ګارډ
ګارډز,ګارډز
ګارډن,ګارډن
ګارډنر,ګارډنر
ګارډنز,ګارډنز
ګارډونه,ګارډ
ګارډیان,ګارډ
ګارډین,ګارډین
ګازات,ګازات
ګازه,ګاز
ګازوئیل,ګازوئیل
ګازولین,ګازولین
ګازونو,ګاز
ګازپلورونکی,ګازپلور
ګازډب,ګازډب
ګازډبو,ګازډب
ګالاهر,ګالاهر
ګالر,ګالر
ګالران,ګالر
ګالریان,ګالر
ګالسټون,ګالسټ
ګالل,ګالل
ګالنټ,ګالنټ
ګالنډ,ګالنډ
ګالو,ګال
ګالوشینکو,ګالوشینک
ګالونو,ګال
ګاما,ګاما
ګامبیا,ګامبیا
ګامونو,ګام
ګامیا,ګامیا
ګان,ګان
ګاندی,ګاند
ګانوین,ګانوین
ګاني,ګان
ګانټز,ګانټز
ګانچ,ګانچ
ګانډي,ګانډ
ګانی,ګان
ګاواټه,ګاواټ
ګاوز,ګاوز
ګاولان,ګاول
ګاوم,ګاوم
ګاوند,ګاوند
ګاوندی,ګاوند
ګاونډو,ګاونډ
ګاونډویو,ګاونډوی
ګاونډي,ګاونډ
ګاونډيانو,ګاونډ
ګاونډيتوب,ګاونډی
ګاونډيو,ګاونډی
ګاونډی,ګاونډ
ګاونډیان,ګاونډ
ګاونډیانو,ګاونډ
ګاونډیتوب,ګاونډی
ګاونډیو,ګاونډی
ګاونکر,ګاونکر
ګاوډ,ګاوډ
ګاوډیو,ګاوډی
ګاوڼدیو,ګاوڼدی
ګاوڼډي,ګاوڼډ
ګاوڼډیو,ګاوڼډی
ګاټ,ګاټ
ګاټه,ګاټ
ګاټو,ګاټ
ګاټي,ګاټ
ګاډر,ګاډر
ګاډرونه,ګاډر
ګاډو,ګاډ
ګاډى,ګاډى
ګاډي,ګاډ
ګاډیو,ګاډی
ګاګر,ګاګر
ګاګرزی,ګاګرز
ګاڼ,ګاڼ
ګاڼه,ګاڼ
ګاڼو,ګاڼ
ګاڼي,ګاڼ
ګایدون,ګاید
ګایلورډ,ګایلورډ
ګایټن,ګایټن
ګبارډ,ګبارډ
ګبر,ګبر
ګبریل,ګبریل
ګبسن,ګبسن
ګبڼ,ګبڼ
ګتروپډنمارک,ګتروپډنمارک
ګتلی,ګت
ګجني,ګجن
ګدامونه,ګدام
ګدون,ګد
ګدونوالو,ګدونوال
ګدیو,ګدی
ګذاری,ګذار
ګذره,ګذر
ګر,ګر
ګرابینسکي,ګرابینسک
ګرادو,ګراد
ګراسیموف,ګراسیموف
ګرافيکي,ګرافیک
ګرافیت,ګرافیت
ګرافیټ,ګرافیټ
ګرامر,ګرامر
ګرامري,ګرامر
ګرامه,ګرام
ګراموفون,ګراموف
ګرامیان,ګرام
ګرانادا,ګرانادا
ګرانایټ,ګرانایټ
ګراند,ګراند
ګرانو,ګر
ګرانولون,ګرانول
ګرانولونو,ګرانول
ګرانټ,ګرانټ
ګرانډي,ګرانډ
ګرانیتي,ګرانیت
ګرانیټ,ګرانیټ
ګرانیږي,ګرانیږ
ګراهم,ګراهم
ګراوند,ګراوند
ګراونډ,ګراونډ
ګرايي,ګرای
ګراډ,ګراډ
ګراډه,ګراډ
ګرای,ګرا
ګراینسپان,ګراینسپ
ګرایوان,ګرایو
ګربز,ګربز
ګربزي,ګربز
ګرت,ګرت
ګرجستان,ګرجست
ګرجستانی,ګرجستان
ګردابونه,ګرداب
ګردان,ګرد
ګردونو,ګرد
ګرديو,ګردی
ګردی,ګرد
ګرزوان,ګرزو
ګرسي,ګرس
ګرشک,ګرشک
ګرفتاري,ګرفتار
ګرفټس,ګرفټس
ګرمه,ګرم
ګرموالی,ګرم
ګرمول,ګرمول
ګرمولی,ګرمو
ګرمښت,ګرمښت
ګرمی,ګرم
ګرندال,ګرندال
ګرنټ,ګرنټ
ګرنډ,ګرنډ
ګرنډبرګ,ګرنډبرګ
ګرهارډ,ګرهارډ
ګرهاډ,ګرهاډ
ګروتر,ګروتر
ګرولی,ګرو
ګروندګر,ګروندګر
ګروندګرو,ګروندګر
ګرونوالډ,ګرونوالډ
ګروهي,ګروه
ګروور,ګروور
ګروپونودی,ګروپونود
ګروپی,ګروپ
ګروږن,ګروږن
ګروک,ګروک
ګروی,ګرو
ګرویډیرم,ګرویډیرم
ګرویږن,ګرویږن
ګرویږنو,ګرویږن
ګرينلډ,ګرینلډ
ګريوان,ګریو
ګريټرنويډا,ګریټرنویډا
ګريګورین,ګریګورین
ګرځ,ګرځ
ګرځئ,ګرځئ
ګرځاوه,ګرځاو
ګرځبنديز,ګرځبندیز
ګرځنده,ګرځند
ګرځندو,ګرځند
ګرځندوئ,ګرځندوئ
ګرځندويانو,ګرځندو
ګرځندوی,ګرځندو
ګرځندویان,ګرځندو
ګرځندویانو,ګرځندو
ګرځندویه,ګرځندوی
ګرځندویي,ګرځندوی
ګرځندیانو,ګرځند
ګرځه,ګرځ
ګرځو,ګرځ
ګرځوئ,ګرځوئ
ګرځول,ګرځول
ګرځوله,ګرځول
ګرځولو,ګرځول
ګرځولی,ګرځو
ګرځوم,ګرځوم
ګرځون,ګرځ
ګرځونه,ګرځ
ګرځونو,ګرځ
ګرځوه,ګرځو
ګرځوو,ګرځ
ګرځوونکي,ګرځو
ګرځي,ګرځ
ګرځيدلی,ګرځید
ګرځيدى,ګرځیدى
ګرځیدای,ګرځیدا
ګرځیدل,ګرځیدل
ګرځیدلی,ګرځید
ګرځیده,ګرځید
ګرځیدو,ګرځید
ګرځیدونکو,ګرځیدونک
ګرځیدی,ګرځید
ګرځیږي,ګرځیږ
ګرڅیدل,ګرڅیدل
ګرډلس,ګرډلس
ګرګی,ګر
ګرګیج,ګرګیج
ګری,ګر
ګریسلډا,ګریسلډا
ګریفائټ,ګریفائټ
ګریفټ,ګریفټ
ګریفیټس,ګریفیټس
ګریل,ګریل
ګرینز,ګرینز
ګرینسپن,ګرینسپن
ګرینفیلډ,ګرینفیلډ
ګرینلنډ,ګرینلنډ
ګرینلنډیانو,ګرینلنډ
ګرینلنډیو,ګرینلنډی
ګرینلډ,ګرینلډ
ګرینلینډ,ګرینلینډ
ګرینډ,ګرینډ
ګریوان,ګریو
ګریټر,ګریټر
ګریډ,ګریډ
ګریګور,ګریګور
ګریڼلنډ,ګریڼلنډ
ګزارانو,ګزار
ګزه,ګز
ګزونو,ګز
ګزيوز,ګزیوز
ګزک,ګزک
ګزڼ,ګزڼ
ګسان,ګس
ګسای,ګسا
ګستان,ګست
ګسن,ګسن
ګسيټ,ګسیټ
ګسټن,ګسټن
ګفتګوی,ګفتګو
ګفورډز,ګفورډز
ګلاب,ګلاب
ګلابونه,ګلاب
ګلارډو,ګلارډ
ګلالیتوب,ګلالی
ګلان,ګل
ګلانیت,ګلانیت
ګلاوډیو,ګلاوډی
ګلاټ,ګلاټ
ګلاډيټرز,ګلاډیټرز
ګلاډیا,ګلاډیا
ګلاډیترز,ګلاډیترز
ګلاډیټرز,ګلاډیټرز
ګلاډیټورز,ګلاډیټورز
ګلبدن,ګلبدن
ګلبهادر,ګلبهادر
ګلبون,ګلب
ګلبونو,ګلب
ګلخان,ګلخ
ګلخانه,ګلخ
ګلدان,ګلد
ګلرو,ګلر
ګلز,ګلز
ګلزاریان,ګلزار
ګلزمان,ګلزم
ګلستان,ګلست
ګلمرجان,ګلمرج
ګلنارا,ګلنارا
ګلنډ,ګلنډ
ګلوان,ګلو
ګلوبل,ګلوبل
ګلوټین,ګلوټین
ګلوک,ګلوک
ګلوکوزینولایټ,ګلوکوزینولایټ
ګلپايګاني,ګلپایګان
ګلپاڼه,ګلپاڼ
ګلډن,ګلډن
ګلډیاټور,ګلډیاټور
ګلډیټرز,ګلډیټرز
ګلګټ,ګلګټ
ګلګیت,ګلګیت
ګلیزمان,ګلیزم
ګلیسرایډ,ګلیسرایډ
ګلیل,ګلیل
ګلینفینان,ګلینفین
ګلینډل,ګلینډل
ګلیډيټرز,ګلیډیټرز
ګم,ګم
ګمارلای,ګمارلا
ګمال,ګمال
ګمان,ګم
ګمب,ګمب
ګمبیا,ګمبیا
ګمجی,ګمج
ګمراهان,ګمراه
ګمرک,ګمرک
ګمرکنو,ګمرکن
ګمرکونه,ګمرک
ګمن,ګمن
ګمښت,ګمښت
ګناانسان,ګناانس
ګنایټ,ګنایټ
ګنبدو,ګنبد
ګنبز,ګنبز
ګنداپور,ګنداپور
ګنز,ګنز
ګنسبرګ,ګنسبرګ
ګنلی,ګن
ګنماير,ګنمایر
ګنو,ګن
ګنټرول,ګنټرول
ګنډا,ګنډا
ګنډاپورهم,ګنډاپورهم
ګنډلي,ګنډ
ګنډن,ګنډن
ګنډه,ګنډ
ګنډو,ګنډ
ګنډولو,ګنډول
ګنډونه,ګنډ
ګنډونو,ګنډ
ګنکورت,ګنکورت
ګنګ,ګنګ
ګنګر,ګنګر
ګنګستیا,ګنګس
ګنګو,ګنګ
ګنګواڼ,ګنګواڼ
ګنګوس,ګنګوس
ګنګوسي,ګنګوس
ګنګين,ګنګین
ګهاټ,ګهاټ
ګهوسټ,ګهوسټ
ګهیځ,ګهیځ
ګوااښ,ګوااښ
ګواتم,ګواتم
ګوانتانامانو,ګوانتانام
ګوانټانامو,ګوانټانام
ګوانګډونګ,ګوانګډونګ
ګواهان,ګواه
ګواهي,ګواه
ګواهټي,ګواهټ
ګواویاره,ګواویار
ګواټیمالا,ګواټیمالا
ګواښزیات,ګواښزیات
ګواښسره,ګواښسر
ګواښل,ګواښل
ګواښلای,ګواښلا
ګواښلم,ګواښلم
ګواښله,ګواښل
ګواښلي,ګواښ
ګواښلی,ګواښ
ګواښمن,ګواښمن
ګواښمنه,ګواښمن
ګواښمنوي,ګواښمنو
ګواښناک,ګواښناک
ګواښنه,ګواښن
ګواښنونو,ګواښن
ګواښه,ګواښ
ګواښول,ګواښول
ګواښولو,ګواښول
ګواښون,ګواښ
ګواښونو,ګواښ
ګواښونواو,ګواښونوا
ګواښونوته,ګواښونوت
ګواښونود,ګواښونود
ګواښونوسره,ګواښونوسر
ګواښونونه,ګواښون
ګواښونکو,ګواښونک
ګواښونکي,ګواښ
ګواښوونو,ګواښو
ګواښوونکو,ګواښوونک
ګواښوونکي,ګواښو
ګواښوونکی,ګواښو
ګواښوي,ګواښو
ګواښکوونکو,ګواښکوونک
ګواګونو,ګواګ
ګوبتوب,ګوب
ګوتر,ګوتر
ګوتسو,ګوتس
ګوتلنډ,ګوتلنډ
ګوتلینډ,ګوتلینډ
ګوته,ګوت
ګوتڅنډنه,ګوتڅنډن
ګوتڅنډه,ګوتڅنډ
ګوتی,ګوت
ګوتیرس,ګوتیرس
ګوجر,ګوجر
ګوجراب,ګوجراب
ګوجی,ګوج
ګوخان,ګوخ
ګودار,ګودار
ګودام,ګودام
ګودرو,ګودر
ګور,ګور
ګورئ,ګورئ
ګوراډيولا,ګوراډیولا
ګورباچف,ګورباچف
ګورجستان,ګورجست
ګورجستاني,ګورجستان
ګورداس,ګورداس
ګورم,ګورم
ګورنور,ګورنور
ګورون,ګور
ګوروونډر,ګوروونډر
ګوريږ,ګوریږ
ګورډن,ګورډن
ګورګان,ګور
ګوریلاګانو,ګوریلا
ګوریون,ګوری
ګوزارو,ګوزار
ګوزاري,ګوزار
ګوزن,ګوزن
ګوزڼ,ګوزڼ
ګوزڼه,ګوزڼ
ګوش,ګوش
ګولان,ګول
ګولايي,ګولای
ګولدن,ګولدن
ګولر,ګولر
ګولوب,ګولوب
ګولونو,ګول
ګولوهونمی,ګولوهونم
ګولډ,ګولډ
ګولډبرګ,ګولډبرګ
ګولډرز,ګولډرز
ګولډسم,ګولډسم
ګولډسمت,ګولډسمت
ګولډسټاین,ګولډسټاین
ګولډمن,ګولډمن
ګولډن,ګولډن
ګولډنبرګ,ګولډنبرګ
ګولډواټر,ګولډواټر
ګولډي,ګولډ
ګولډینګ,ګولډینګ
ګولړ,ګولړ
ګوما,ګوما
ګومارلی,ګومار
ګومان,ګوم
ګومانونه,ګومان
ګومنځوي,ګومنځو
ګونداوسنی,ګونداوسن
ګوندوان,ګوندو
ګوندونه,ګوند
ګوندي,ګوند
ګونديز,ګوندیز
ګونټانامو,ګونټانام
ګونځ,ګونځ
ګونډ,ګونډ
ګونډل,ګونډل
ګونډه,ګونډ
ګونډو,ګونډ
ګونډوان,ګونډو
ګونګتیا,ګونګ
ګونګو,ګونګ
ګونګیان,ګونګ
ګونی,ګون
ګونیا,ګونیا
ګووهانګ,ګووهانګ
ګووډ,ګووډ
ګوټ,ګوټ
ګوټرش,ګوټرش
ګوټریش,ګوټریش
ګوټز,ګوټز
ګوټلي,ګوټ
ګوټو,ګوټ
ګوټکي,ګوټک
ګوټی,ګوټ
ګوټیرش,ګوټیرش
ګوډا,ګوډا
ګوډال,ګوډال
ګوډالر,ګوډالر
ګوډاکش,ګوډاکش
ګوډاګ,ګوډاګ
ګوډاګيانو,ګوډاګ
ګوډاګی,ګوډا
ګوډاګیانو,ګوډاګ
ګوډاګیتوب,ګوډاګی
ګوډاګیو,ګوډاګی
ګوډسبي,ګوډسب
ګوډطالبان,ګوډطالب
ګوډمـن,ګوډمـن
ګوډون,ګوډ
ګوډي,ګوډ
ګوډین,ګوډین
ګوډیو,ګوډی
ګوړ,ګوړ
ګوړه,ګوړ
ګوښ,ګوښ
ګوښه,ګوښ
ګوښو,ګوښ
ګوښيتوب,ګوښی
ګوښيتوبه,ګوښیتوب
ګوښیتوب,ګوښی
ګوښیوالی,ګوښی
ګوګ,ګوګ
ګوګله,ګوګل
ګوګنتیا,ګوګن
ګوګړ,ګوګړ
ګوګړو,ګوګړ
ګوڼ,ګوڼ
ګوڼو,ګوڼ
ګویانا,ګویانا
ګویتریش,ګویتریش
ګویر,ګویر
ګوینډر,ګوینډر
ګوینډولین,ګوینډولین
ګویټز,ګویټز
ګویټلین,ګویټلین
ګویګانګ,ګویګانګ
ګيدعون,ګیدع
ګيلاس,ګیلاس
ګيلان,ګیل
ګيټس,ګیټس
ګيډه,ګیډ
ګيږي,ګیږ
ګيګاواټه,ګیګاواټ
ګټس,ګټس
ګټل,ګټل
ګټلا,ګټلا
ګټلای,ګټلا
ګټلط,ګټلط
ګټله,ګټل
ګټلو,ګټل
ګټلي,ګټ
ګټلی,ګټ
ګټم,ګټم
ګټن,ګټن
ګټندویانو,ګټندو
ګټه,ګټ
ګټوازی,ګټواز
ګټور,ګټور
ګټورتوب,ګټور
ګټورتيا,ګټور
ګټورتیا,ګټور
ګټوره,ګټور
ګټورو,ګټور
ګټوري,ګټور
ګټولو,ګټول
ګټولولپاره,ګټولولپار
ګټون,ګټ
ګټونک,ګټونک
ګټونکو,ګټونک
ګټونکی,ګټ
ګټونګ,ګټونګ
ګټونګو,ګټونګ
ګټونګي,ګټون
ګټوونک,ګټوونک
ګټوونکو,ګټوونک
ګټوونکی,ګټو
ګټي,ګټ
ګټياخيستنيته,ګټیاخیستنیت
ګټيال,ګټیال
ګټيالی,ګټیا
ګټګوري,ګټګور
ګټګوريو,ګټګوری
ګډ,ګډ
ګډا,ګډا
ګډان,ګډ
ګډاني,ګډان
ګډشموله,ګډشمول
ګډمین,ګډمین
ګډن,ګډن
ګډنوال,ګډنوال
ګډنواله,ګډنوال
ګډهټیلیفوني,ګډهټیلیفون
ګډو,ګډ
ګډوال,ګډوال
ګډوالو,ګډوال
ګډوالی,ګډ
ګډود,ګډود
ګډول,ګډول
ګډولو,ګډول
ګډونوالو,ګډونوال
ګډونولو,ګډونول
ګډوني,ګډون
ګډونډوالو,ګډونډوال
ګډونک,ګډونک
ګډونکوونکو,ګډونکوونک
ګډونکوونکي,ګډون
ګډونګ,ګډونګ
ګډونی,ګډون
ګډوه,ګډو
ګډوون,ګډو
ګډووډ,ګډووډ
ګډوي,ګډو
ګډوډ,ګډوډ
ګډوډل,ګډوډل
ګډوډه,ګډوډ
ګډوډو,ګډوډ
ګډوډول,ګډوډول
ګډوډولای,ګډوډولا
ګډوډولی,ګډوډو
ګډوډونک,ګډوډونک
ګډوډونکي,ګډوډ
ګډوډونکی,ګډوډ
ګډوډوونکو,ګډوډوونک
ګډوډوي,ګډوډو
ګډوډيو,ګډوډی
ګډوډيږي,ګډوډیږ
ګډوډی,ګډوډ
ګډوډیدو,ګډوډید
ګډوډیو,ګډوډی
ګډي,ګډ
ګډژوند,ګډژوند
ګډیږي,ګډیږ
ګړ,ګړ
ګړان,ګړ
ګړد,ګړد
ګړدو,ګړد
ګړزاری,ګړزار
ګړندي,ګړند
ګړنديو,ګړندی
ګړندیتوب,ګړندی
ګړنلاره,ګړنلار
ګړنډی,ګړنډ
ګړنګ,ګړنګ
ګړنګه,ګړنګ
ګړنګول,ګړنګول
ګړنیو,ګړنی
ګړه,ګړ
ګړو,ګړ
ګړوب,ګړوب
ګړویږنو,ګړویږن
ګړي,ګړ
ګړيوم,ګړیوم
ګړک,ګړک
ګړکیچونو,ګړکیچ
ګړی,ګړ
ګړیو,ګړی
ګړیوم,ګړیوم
ګکهړ,ګکهړ
ګګنون,ګګن
ګڼ,ګڼ
ګڼئ,ګڼئ
ګڼداپور,ګڼداپور
ګڼشم,ګڼشم
ګڼل,ګڼل
ګڼلو,ګڼل
ګڼلي,ګڼ
ګڼلی,ګڼ
ګڼم,ګڼم
ګڼه,ګڼ
ګڼو,ګڼ
ګڼون,ګڼ
ګڼونونه,ګڼون
ګڼونونو,ګڼون
ګڼي,ګڼ
ګیانو,ګی
ګیبریسوس,ګیبریسوس
ګیتون,ګیت
ګیتي,ګیت
ګیدعون,ګیدع
ګیدوغوښتنه,ګیدوغوښتن
ګیدون,ګید
ګیدیون,ګیدی
ګیرسځایونه,ګیرسځای
ګیرهارت,ګیرهارت
ګیرهارډ,ګیرهارډ
ګیروګرومن,ګیروګرومن
ګیرټ,ګیرټ
ګیرډ,ګیرډ
ګیریډ,ګیریډ
ګیسټروپاریسس,ګیسټروپاریسس
ګیسکان,ګیسک
ګیلامان,ګیلام
ګیلان,ګیل
ګیلبرتو,ګیلبرت
ګیلبرټ,ګیلبرټ
ګیلبو,ګیلب
ګیلروټ,ګیلروټ
ګیله,ګیل
ګیلپ,ګیلپ
ګیلډ,ګیلډ
ګیلین,ګیلین
ګیمز,ګیمز
ګینا,ګینا
ګینس,ګینس
ګینیز,ګینیز
ګیورګ,ګیورګ
ګیون,ګی
ګیونګ,ګیونګ
ګیوین,ګیوین
ګیټونو,ګیټ
ګیټي,ګیټ
ګیډه,ګیډ
ګیډون,ګیډ
ګیډي,ګیډ
ګیډی,ګیډ
ګیډیون,ګیډی
ګیږدي,ګیږد
ګیږي,ګیږ
ګیګاواټه,ګیګاواټ
ګیګنون,ګیګن
ګییر,ګییر
گازرو,گازر
گانا,گانا
گردش,گردش
گرونډ,گرونډ
گرځيدل,گرځیدل
گفتم,گفتم
گلاسکو,گلاسک
گواهی,گواه
گواښي,گوا
گولډبرګ,گولډبرګ
گون,گون
گوهرهای,گوهرها
گټ,گټ
گټل,گټل
گټلي,گټ
گټو,گټ
گټورتیا,گټور
گټونکی,گټ
گډه,گډ
گډوډ,گډوډ
ڼټایوان,ڼټایو
ڼډن,ڼډن
ہیں,ہیں
یؤ,یؤ
یاته,یات
یادالله,یادالل
یادروف,یادروف
یادشویو,یادشوی
یاده,یاد
یادوګار,یادوګار
یادډبره,یادډبر
یادګاره,یادګار
یارمل,یارمل
یازیچي,یازیچ
یاستینا,یاستینا
یاسمين,یاسمین
یاسهوه,یاسهو
یاشرویچ,یاشرویچ
یاغیګریو,یاغیګری
یاغیګړ,یاغیګړ
یافته,یافت
یاقوت,یاقوت
یان,یان
یانایره,یانایر
یانګ,یانګ
یانګون,یانګ
یاونه,یا
یاووز,یاووز
یاښځینه,یاښځین
یاګن,یاګن
یتمیول,یتمیول
یخ,یخ
یخونو,یخ
یخچالي,یخچا
یرغلګرانه,یرغلګر
یرغلګرو,یرغلګر
یرغمل,یرغمل
یرناک,یرناک
یس,یس
یسف,یسف
یعقو,یعق
یم,یم
یملیون,یملی
یمن,یمن
یموکراتانو,یموکرات
یمګان,یم
ینکچینګ,ینکچینګ
ینګاپور,ینګاپور
یهودیانو,یهود
یوئ,یوئ
یواځی,یواځ
یواځین,یواځین
یواځینی,یواځین
یوبرید,یوبرید
یوجونګ,یوجونګ
یوخصوصي,یوخصوص
یوراګوای,یوراګوا
یوراګویه,یوراګوی
یورګن,یورګن
یوسایټ,یوسایټ
یوسترګی,یوستر
یوسټن,یوسټن
یوسړی,یوسړ
یوشان,یوش
یوشیایونګ,یوشیایونګ
یولانډا,یولانډا
یوله,یول
یولوبغاړ,یولوبغاړ
یوموټي,یوموټ
یونایتډ,یونایتډ
یونایټ,یونایټ
یونایټيډ,یونایټیډ
یونایټډ,یونایټډ
یونایټډز,یونایټډز
یونایټیډ,یونایټیډ
یوناییټیډ,یوناییټیډ
یونټ,یونټ
یونیسیف,یونیسیف
یووخت,یووخت
یوول,یوول
یووه,یوو
یووړ,یووړ
یووړم,یووړم
یوټيوبران,یوټیوبر
یوځای,یوځا
یوځوړي,یوځوړ
یوڅه,یوڅ
یوړ,یوړ
یوړاځ,یوړاځ
یوښه,یوښ
یوکوهاما,یوکوهاما
یوګا,یوګا
یوګام,یوګام
یوګاناډا,یوګاناډا
یوګاندايي,یوګاندای
یوګانډا,یوګانډا
یوګانډای,یوګانډا
یوګانډایی,یوګانډای
یوګوسلاویا,یوګوسلاویا
یَعْدِمْ,یَعْدِمْ
یړوالی,یړ
یږ,یږ
یږي,یږ
یښودل,یښودل
یښی,یښ
یکشنب,یکشنب
یګلنډ,یګلنډ
یګمان,یګم
یین,یین
